file,line,type,commit,author,date,time,timezone,datetime,depth,length
style.css,1,css,089af86d,KrazyKatz,2025-04-03,11:50:04,-07:00,2025-04-03T11:50:04-07:00,0,2
style.css,2,css,90ae2985,KrazyKatz,2025-04-03,12:32:49,-07:00,2025-04-03T12:32:49-07:00,1,27
style.css,3,css,9ff28563,KrazyKatz,2025-04-10,19:02:41,-07:00,2025-04-10T19:02:41-07:00,1,13
style.css,4,css,90ae2985,KrazyKatz,2025-04-03,12:32:49,-07:00,2025-04-03T12:32:49-07:00,1,9
style.css,5,css,8fa21b3f,KrazyKatz,2025-04-10,19:39:07,-07:00,2025-04-10T19:39:07-07:00,1,40
style.css,6,css,90ae2985,KrazyKatz,2025-04-03,12:32:49,-07:00,2025-04-03T12:32:49-07:00,1,13
style.css,7,css,90ae2985,KrazyKatz,2025-04-03,12:32:49,-07:00,2025-04-03T12:32:49-07:00,0,0
style.css,8,css,ece7a29b,KrazyKatz,2025-04-17,17:48:57,-07:00,2025-04-17T17:48:57-07:00,0,0
style.css,9,css,90ae2985,KrazyKatz,2025-04-03,12:32:49,-07:00,2025-04-03T12:32:49-07:00,0,4
style.css,10,css,90ae2985,KrazyKatz,2025-04-03,12:32:49,-07:00,2025-04-03T12:32:49-07:00,1,8
style.css,11,css,90ae2985,KrazyKatz,2025-04-03,12:32:49,-07:00,2025-04-03T12:32:49-07:00,0,0
style.css,12,css,90ae2985,KrazyKatz,2025-04-03,12:32:49,-07:00,2025-04-03T12:32:49-07:00,0,6
style.css,13,css,90ae2985,KrazyKatz,2025-04-03,12:32:49,-07:00,2025-04-03T12:32:49-07:00,1,16
style.css,14,css,90ae2985,KrazyKatz,2025-04-03,12:32:49,-07:00,2025-04-03T12:32:49-07:00,0,0
style.css,15,css,90ae2985,KrazyKatz,2025-04-03,12:32:49,-07:00,2025-04-03T12:32:49-07:00,0,6
style.css,16,css,90ae2985,KrazyKatz,2025-04-03,12:32:49,-07:00,2025-04-03T12:32:49-07:00,1,16
style.css,17,css,746c63d0,KrazyKatz,2025-04-10,19:31:43,-07:00,2025-04-10T19:31:43-07:00,0,0
style.css,18,css,746c63d0,KrazyKatz,2025-04-10,19:31:43,-07:00,2025-04-10T19:31:43-07:00,0,0
style.css,19,css,aea188ff,KrazyKatz,2025-04-10,19:36:10,-07:00,2025-04-10T19:36:10-07:00,0,3
style.css,20,css,aea188ff,KrazyKatz,2025-04-10,19:36:10,-07:00,2025-04-10T19:36:10-07:00,0,4
style.css,21,css,aea188ff,KrazyKatz,2025-04-10,19:36:10,-07:00,2025-04-10T19:36:10-07:00,0,14
style.css,22,css,aea188ff,KrazyKatz,2025-04-10,19:36:10,-07:00,2025-04-10T19:36:10-07:00,0,0
style.css,23,css,aea188ff,KrazyKatz,2025-04-10,19:36:10,-07:00,2025-04-10T19:36:10-07:00,0,0
style.css,24,css,aea188ff,KrazyKatz,2025-04-10,19:36:10,-07:00,2025-04-10T19:36:10-07:00,0,1
style.css,25,css,1a48abe1,KrazyKatz,2025-04-10,19:37:58,-07:00,2025-04-10T19:37:58-07:00,0,10
style.css,26,css,1a48abe1,KrazyKatz,2025-04-10,19:37:58,-07:00,2025-04-10T19:37:58-07:00,0,17
style.css,27,css,1a48abe1,KrazyKatz,2025-04-10,19:37:58,-07:00,2025-04-10T19:37:58-07:00,0,55
style.css,28,css,1a48abe1,KrazyKatz,2025-04-10,19:37:58,-07:00,2025-04-10T19:37:58-07:00,0,0
style.css,29,css,1a48abe1,KrazyKatz,2025-04-10,19:37:58,-07:00,2025-04-10T19:37:58-07:00,0,0
style.css,30,css,1a48abe1,KrazyKatz,2025-04-10,19:37:58,-07:00,2025-04-10T19:37:58-07:00,0,3
style.css,31,css,1a48abe1,KrazyKatz,2025-04-10,19:37:58,-07:00,2025-04-10T19:37:58-07:00,0,4
style.css,32,css,1a48abe1,KrazyKatz,2025-04-10,19:37:58,-07:00,2025-04-10T19:37:58-07:00,0,15
style.css,33,css,1a48abe1,KrazyKatz,2025-04-10,19:37:58,-07:00,2025-04-10T19:37:58-07:00,0,11
style.css,34,css,1a48abe1,KrazyKatz,2025-04-10,19:37:58,-07:00,2025-04-10T19:37:58-07:00,0,18
style.css,35,css,1a48abe1,KrazyKatz,2025-04-10,19:37:58,-07:00,2025-04-10T19:37:58-07:00,0,11
style.css,36,css,1a48abe1,KrazyKatz,2025-04-10,19:37:58,-07:00,2025-04-10T19:37:58-07:00,0,0
style.css,37,css,1a48abe1,KrazyKatz,2025-04-10,19:37:58,-07:00,2025-04-10T19:37:58-07:00,0,0
style.css,38,css,1a48abe1,KrazyKatz,2025-04-10,19:37:58,-07:00,2025-04-10T19:37:58-07:00,0,9
style.css,39,css,1a48abe1,KrazyKatz,2025-04-10,19:37:58,-07:00,2025-04-10T19:37:58-07:00,0,45
style.css,40,css,1a48abe1,KrazyKatz,2025-04-10,19:37:58,-07:00,2025-04-10T19:37:58-07:00,0,0
style.css,41,css,1a48abe1,KrazyKatz,2025-04-10,19:37:58,-07:00,2025-04-10T19:37:58-07:00,0,0
style.css,42,css,1a48abe1,KrazyKatz,2025-04-10,19:37:58,-07:00,2025-04-10T19:37:58-07:00,0,11
style.css,43,css,1a48abe1,KrazyKatz,2025-04-10,19:37:58,-07:00,2025-04-10T19:37:58-07:00,0,88
style.css,44,css,1a48abe1,KrazyKatz,2025-04-10,19:37:58,-07:00,2025-04-10T19:37:58-07:00,0,53
style.css,45,css,1a48abe1,KrazyKatz,2025-04-10,19:37:58,-07:00,2025-04-10T19:37:58-07:00,0,14
style.css,46,css,1a48abe1,KrazyKatz,2025-04-10,19:37:58,-07:00,2025-04-10T19:37:58-07:00,0,0
style.css,47,css,1a48abe1,KrazyKatz,2025-04-10,19:37:58,-07:00,2025-04-10T19:37:58-07:00,0,0
style.css,48,css,ee8babc6,KrazyKatz,2025-04-10,19:46:46,-07:00,2025-04-10T19:46:46-07:00,0,3
style.css,49,css,ee8babc6,KrazyKatz,2025-04-10,19:46:46,-07:00,2025-04-10T19:46:46-07:00,1,60
style.css,50,css,ee8babc6,KrazyKatz,2025-04-10,19:46:46,-07:00,2025-04-10T19:46:46-07:00,1,60
style.css,51,css,ee8babc6,KrazyKatz,2025-04-10,19:46:46,-07:00,2025-04-10T19:46:46-07:00,0,0
style.css,52,css,592fa035,KrazyKatz,2025-04-10,21:38:56,-07:00,2025-04-10T21:38:56-07:00,0,0
style.css,53,css,ee8babc6,KrazyKatz,2025-04-10,19:46:46,-07:00,2025-04-10T19:46:46-07:00,0,9
style.css,54,css,2c0c49ac,KrazyKatz,2025-04-10,19:48:28,-07:00,2025-04-10T19:48:28-07:00,1,22
style.css,55,css,ee8babc6,KrazyKatz,2025-04-10,19:46:46,-07:00,2025-04-10T19:46:46-07:00,1,43
style.css,56,css,ee8babc6,KrazyKatz,2025-04-10,19:46:46,-07:00,2025-04-10T19:46:46-07:00,0,0
style.css,57,css,592fa035,KrazyKatz,2025-04-10,21:38:56,-07:00,2025-04-10T21:38:56-07:00,0,0
style.css,58,css,ee8babc6,KrazyKatz,2025-04-10,19:46:46,-07:00,2025-04-10T19:46:46-07:00,0,3
style.css,59,css,ee8babc6,KrazyKatz,2025-04-10,19:46:46,-07:00,2025-04-10T19:46:46-07:00,1,65
style.css,60,css,ee8babc6,KrazyKatz,2025-04-10,19:46:46,-07:00,2025-04-10T19:46:46-07:00,1,31
style.css,61,css,ee8babc6,KrazyKatz,2025-04-10,19:46:46,-07:00,2025-04-10T19:46:46-07:00,0,0
style.css,62,css,592fa035,KrazyKatz,2025-04-10,21:38:56,-07:00,2025-04-10T21:38:56-07:00,0,0
style.css,63,css,592fa035,KrazyKatz,2025-04-10,21:38:56,-07:00,2025-04-10T21:38:56-07:00,0,2
style.css,64,css,08c9af2e,KrazyKatz,2025-04-10,21:42:39,-07:00,2025-04-10T21:42:39-07:00,0,10
style.css,65,css,598da567,KrazyKatz,2025-04-10,21:48:36,-07:00,2025-04-10T21:48:36-07:00,0,35
style.css,66,css,598da567,KrazyKatz,2025-04-10,21:48:36,-07:00,2025-04-10T21:48:36-07:00,0,38
style.css,67,css,ab4ead9d,KrazyKatz,2025-04-10,21:44:52,-07:00,2025-04-10T21:44:52-07:00,0,13
style.css,68,css,08c9af2e,KrazyKatz,2025-04-10,21:42:39,-07:00,2025-04-10T21:42:39-07:00,0,11
style.css,69,css,598da567,KrazyKatz,2025-04-10,21:48:36,-07:00,2025-04-10T21:48:36-07:00,0,16
style.css,70,css,592fa035,KrazyKatz,2025-04-10,21:38:56,-07:00,2025-04-10T21:38:56-07:00,0,0
style.css,71,css,592fa035,KrazyKatz,2025-04-10,21:38:56,-07:00,2025-04-10T21:38:56-07:00,0,0
style.css,72,css,ab4ead9d,KrazyKatz,2025-04-10,21:44:52,-07:00,2025-04-10T21:44:52-07:00,0,8
style.css,73,css,ab4ead9d,KrazyKatz,2025-04-10,21:44:52,-07:00,2025-04-10T21:44:52-07:00,0,14
style.css,74,css,ab4ead9d,KrazyKatz,2025-04-10,21:44:52,-07:00,2025-04-10T21:44:52-07:00,0,15
style.css,75,css,598da567,KrazyKatz,2025-04-10,21:48:36,-07:00,2025-04-10T21:48:36-07:00,0,51
style.css,76,css,08c9af2e,KrazyKatz,2025-04-10,21:42:39,-07:00,2025-04-10T21:42:39-07:00,0,0
style.css,77,css,08c9af2e,KrazyKatz,2025-04-10,21:42:39,-07:00,2025-04-10T21:42:39-07:00,0,0
style.css,78,css,ab4ead9d,KrazyKatz,2025-04-10,21:44:52,-07:00,2025-04-10T21:44:52-07:00,0,7
style.css,79,css,ab4ead9d,KrazyKatz,2025-04-10,21:44:52,-07:00,2025-04-10T21:44:52-07:00,0,11
style.css,80,css,592fa035,KrazyKatz,2025-04-10,21:38:56,-07:00,2025-04-10T21:38:56-07:00,0,8
style.css,81,css,592fa035,KrazyKatz,2025-04-10,21:38:56,-07:00,2025-04-10T21:38:56-07:00,0,19
style.css,82,css,08c9af2e,KrazyKatz,2025-04-10,21:42:39,-07:00,2025-04-10T21:42:39-07:00,0,10
style.css,83,css,592fa035,KrazyKatz,2025-04-10,21:38:56,-07:00,2025-04-10T21:38:56-07:00,0,11
style.css,84,css,08c9af2e,KrazyKatz,2025-04-10,21:42:39,-07:00,2025-04-10T21:42:39-07:00,0,0
style.css,85,css,08c9af2e,KrazyKatz,2025-04-10,21:42:39,-07:00,2025-04-10T21:42:39-07:00,0,0
style.css,86,css,ab4ead9d,KrazyKatz,2025-04-10,21:44:52,-07:00,2025-04-10T21:44:52-07:00,0,11
style.css,87,css,ab4ead9d,KrazyKatz,2025-04-10,21:44:52,-07:00,2025-04-10T21:44:52-07:00,0,12
style.css,88,css,598da567,KrazyKatz,2025-04-10,21:48:36,-07:00,2025-04-10T21:48:36-07:00,0,13
style.css,89,css,ab4ead9d,KrazyKatz,2025-04-10,21:44:52,-07:00,2025-04-10T21:44:52-07:00,0,0
style.css,90,css,ab4ead9d,KrazyKatz,2025-04-10,21:44:52,-07:00,2025-04-10T21:44:52-07:00,0,0
style.css,91,css,ab4ead9d,KrazyKatz,2025-04-10,21:44:52,-07:00,2025-04-10T21:44:52-07:00,0,9
style.css,92,css,08c9af2e,KrazyKatz,2025-04-10,21:42:39,-07:00,2025-04-10T21:42:39-07:00,0,16
style.css,93,css,598da567,KrazyKatz,2025-04-10,21:48:36,-07:00,2025-04-10T21:48:36-07:00,0,16
style.css,94,css,ab4ead9d,KrazyKatz,2025-04-10,21:44:52,-07:00,2025-04-10T21:44:52-07:00,0,19
style.css,95,css,08c9af2e,KrazyKatz,2025-04-10,21:42:39,-07:00,2025-04-10T21:42:39-07:00,0,10
style.css,96,css,08c9af2e,KrazyKatz,2025-04-10,21:42:39,-07:00,2025-04-10T21:42:39-07:00,0,0
style.css,97,css,7390e1d7,KrazyKatz,2025-04-10,22:04:00,-07:00,2025-04-10T22:04:00-07:00,0,0
style.css,98,css,7390e1d7,KrazyKatz,2025-04-10,22:04:00,-07:00,2025-04-10T22:04:00-07:00,0,7
style.css,99,css,7390e1d7,KrazyKatz,2025-04-10,22:04:00,-07:00,2025-04-10T22:04:00-07:00,0,10
style.css,100,css,7390e1d7,KrazyKatz,2025-04-10,22:04:00,-07:00,2025-04-10T22:04:00-07:00,0,56
style.css,101,css,0fff9c9a,KrazyKatz,2025-04-10,22:08:42,-07:00,2025-04-10T22:08:42-07:00,0,7
style.css,102,css,7390e1d7,KrazyKatz,2025-04-10,22:04:00,-07:00,2025-04-10T22:04:00-07:00,0,13
style.css,103,css,7390e1d7,KrazyKatz,2025-04-10,22:04:00,-07:00,2025-04-10T22:04:00-07:00,0,0
style.css,104,css,7390e1d7,KrazyKatz,2025-04-10,22:04:00,-07:00,2025-04-10T22:04:00-07:00,0,0
style.css,105,css,7390e1d7,KrazyKatz,2025-04-10,22:04:00,-07:00,2025-04-10T22:04:00-07:00,0,15
style.css,106,css,0fff9c9a,KrazyKatz,2025-04-10,22:08:42,-07:00,2025-04-10T22:08:42-07:00,0,10
style.css,107,css,0fff9c9a,KrazyKatz,2025-04-10,22:08:42,-07:00,2025-04-10T22:08:42-07:00,0,24
style.css,108,css,0fff9c9a,KrazyKatz,2025-04-10,22:08:42,-07:00,2025-04-10T22:08:42-07:00,0,13
style.css,109,css,0fff9c9a,KrazyKatz,2025-04-10,22:08:42,-07:00,2025-04-10T22:08:42-07:00,0,16
style.css,110,css,7390e1d7,KrazyKatz,2025-04-10,22:04:00,-07:00,2025-04-10T22:04:00-07:00,0,9
style.css,111,css,7390e1d7,KrazyKatz,2025-04-10,22:04:00,-07:00,2025-04-10T22:04:00-07:00,0,17
style.css,112,css,0fff9c9a,KrazyKatz,2025-04-10,22:08:42,-07:00,2025-04-10T22:08:42-07:00,0,38
style.css,113,css,7390e1d7,KrazyKatz,2025-04-10,22:04:00,-07:00,2025-04-10T22:04:00-07:00,0,0
style.css,114,css,7390e1d7,KrazyKatz,2025-04-10,22:04:00,-07:00,2025-04-10T22:04:00-07:00,0,0
style.css,115,css,7390e1d7,KrazyKatz,2025-04-10,22:04:00,-07:00,2025-04-10T22:04:00-07:00,0,21
style.css,116,css,7390e1d7,KrazyKatz,2025-04-10,22:04:00,-07:00,2025-04-10T22:04:00-07:00,0,24
style.css,117,css,7390e1d7,KrazyKatz,2025-04-10,22:04:00,-07:00,2025-04-10T22:04:00-07:00,0,38
style.css,118,css,7390e1d7,KrazyKatz,2025-04-10,22:04:00,-07:00,2025-04-10T22:04:00-07:00,0,0
style.css,119,css,7390e1d7,KrazyKatz,2025-04-10,22:04:00,-07:00,2025-04-10T22:04:00-07:00,0,0
style.css,120,css,7390e1d7,KrazyKatz,2025-04-10,22:04:00,-07:00,2025-04-10T22:04:00-07:00,0,11
style.css,121,css,7390e1d7,KrazyKatz,2025-04-10,22:04:00,-07:00,2025-04-10T22:04:00-07:00,0,12
style.css,122,css,7390e1d7,KrazyKatz,2025-04-10,22:04:00,-07:00,2025-04-10T22:04:00-07:00,0,9
style.css,123,css,7390e1d7,KrazyKatz,2025-04-10,22:04:00,-07:00,2025-04-10T22:04:00-07:00,0,11
style.css,124,css,7390e1d7,KrazyKatz,2025-04-10,22:04:00,-07:00,2025-04-10T22:04:00-07:00,0,12
style.css,125,css,7390e1d7,KrazyKatz,2025-04-10,22:04:00,-07:00,2025-04-10T22:04:00-07:00,0,0
style.css,126,css,0fff9c9a,KrazyKatz,2025-04-10,22:08:42,-07:00,2025-04-10T22:08:42-07:00,0,0
style.css,127,css,0fff9c9a,KrazyKatz,2025-04-10,22:08:42,-07:00,2025-04-10T22:08:42-07:00,0,10
style.css,128,css,0fff9c9a,KrazyKatz,2025-04-10,22:08:42,-07:00,2025-04-10T22:08:42-07:00,0,6
style.css,129,css,0fff9c9a,KrazyKatz,2025-04-10,22:08:42,-07:00,2025-04-10T22:08:42-07:00,0,14
style.css,130,css,0fff9c9a,KrazyKatz,2025-04-10,22:08:42,-07:00,2025-04-10T22:08:42-07:00,0,0
style.css,131,css,0fff9c9a,KrazyKatz,2025-04-10,22:08:42,-07:00,2025-04-10T22:08:42-07:00,0,0
style.css,132,css,0fff9c9a,KrazyKatz,2025-04-10,22:08:42,-07:00,2025-04-10T22:08:42-07:00,0,11
style.css,133,css,0fff9c9a,KrazyKatz,2025-04-10,22:08:42,-07:00,2025-04-10T22:08:42-07:00,0,12
style.css,134,css,0fff9c9a,KrazyKatz,2025-04-10,22:08:42,-07:00,2025-04-10T22:08:42-07:00,0,9
style.css,135,css,0fff9c9a,KrazyKatz,2025-04-10,22:08:42,-07:00,2025-04-10T22:08:42-07:00,0,11
style.css,136,css,0fff9c9a,KrazyKatz,2025-04-10,22:08:42,-07:00,2025-04-10T22:08:42-07:00,0,10
style.css,137,css,0fff9c9a,KrazyKatz,2025-04-10,22:08:42,-07:00,2025-04-10T22:08:42-07:00,0,0
style.css,138,css,0fff9c9a,KrazyKatz,2025-04-10,22:08:42,-07:00,2025-04-10T22:08:42-07:00,0,0
style.css,139,css,0fff9c9a,KrazyKatz,2025-04-10,22:08:42,-07:00,2025-04-10T22:08:42-07:00,0,9
style.css,140,css,0fff9c9a,KrazyKatz,2025-04-10,22:08:42,-07:00,2025-04-10T22:08:42-07:00,0,6
style.css,141,css,0fff9c9a,KrazyKatz,2025-04-10,22:08:42,-07:00,2025-04-10T22:08:42-07:00,0,13
style.css,142,css,0fff9c9a,KrazyKatz,2025-04-10,22:08:42,-07:00,2025-04-10T22:08:42-07:00,0,0
style.css,143,css,0fff9c9a,KrazyKatz,2025-04-10,22:08:42,-07:00,2025-04-10T22:08:42-07:00,0,0
style.css,144,css,0fff9c9a,KrazyKatz,2025-04-10,22:08:42,-07:00,2025-04-10T22:08:42-07:00,0,0
style.css,145,css,f0f12359,KrazyKatz,2025-04-10,22:24:45,-07:00,2025-04-10T22:24:45-07:00,0,12
style.css,146,css,0fff9c9a,KrazyKatz,2025-04-10,22:08:42,-07:00,2025-04-10T22:08:42-07:00,0,13
style.css,147,css,0fff9c9a,KrazyKatz,2025-04-10,22:08:42,-07:00,2025-04-10T22:08:42-07:00,0,15
style.css,148,css,0fff9c9a,KrazyKatz,2025-04-10,22:08:42,-07:00,2025-04-10T22:08:42-07:00,0,15
style.css,149,css,0fff9c9a,KrazyKatz,2025-04-10,22:08:42,-07:00,2025-04-10T22:08:42-07:00,0,0
style.css,150,css,0fff9c9a,KrazyKatz,2025-04-10,22:08:42,-07:00,2025-04-10T22:08:42-07:00,0,0
style.css,151,css,0fff9c9a,KrazyKatz,2025-04-10,22:08:42,-07:00,2025-04-10T22:08:42-07:00,0,16
style.css,152,css,69ad4f87,KrazyKatz,2025-04-10,22:15:28,-07:00,2025-04-10T22:15:28-07:00,0,12
style.css,153,css,0fff9c9a,KrazyKatz,2025-04-10,22:08:42,-07:00,2025-04-10T22:08:42-07:00,0,13
style.css,154,css,0fff9c9a,KrazyKatz,2025-04-10,22:08:42,-07:00,2025-04-10T22:08:42-07:00,0,15
style.css,155,css,0fff9c9a,KrazyKatz,2025-04-10,22:08:42,-07:00,2025-04-10T22:08:42-07:00,0,0
style.css,156,css,da29eb65,KrazyKatz,2025-04-17,20:42:05,-07:00,2025-04-17T20:42:05-07:00,0,0
style.css,157,css,12929166,KrazyKatz,2025-04-17,20:42:39,-07:00,2025-04-17T20:42:39-07:00,0,38
style.css,158,css,12929166,KrazyKatz,2025-04-17,20:42:39,-07:00,2025-04-17T20:42:39-07:00,0,2
style.css,159,css,12929166,KrazyKatz,2025-04-17,20:42:39,-07:00,2025-04-17T20:42:39-07:00,0,21
style.css,160,css,12929166,KrazyKatz,2025-04-17,20:42:39,-07:00,2025-04-17T20:42:39-07:00,0,21
style.css,161,css,12929166,KrazyKatz,2025-04-17,20:42:39,-07:00,2025-04-17T20:42:39-07:00,0,14
style.css,162,css,12929166,KrazyKatz,2025-04-17,20:42:39,-07:00,2025-04-17T20:42:39-07:00,0,0
style.css,163,css,12929166,KrazyKatz,2025-04-17,20:42:39,-07:00,2025-04-17T20:42:39-07:00,0,0
style.css,164,css,12929166,KrazyKatz,2025-04-17,20:42:39,-07:00,2025-04-17T20:42:39-07:00,0,33
style.css,165,css,12929166,KrazyKatz,2025-04-17,20:42:39,-07:00,2025-04-17T20:42:39-07:00,0,1
style.css,166,css,12929166,KrazyKatz,2025-04-17,20:42:39,-07:00,2025-04-17T20:42:39-07:00,0,37
style.css,167,css,12929166,KrazyKatz,2025-04-17,20:42:39,-07:00,2025-04-17T20:42:39-07:00,0,41
style.css,168,css,12929166,KrazyKatz,2025-04-17,20:42:39,-07:00,2025-04-17T20:42:39-07:00,0,0
style.css,169,css,12929166,KrazyKatz,2025-04-17,20:42:39,-07:00,2025-04-17T20:42:39-07:00,0,0
style.css,170,css,12929166,KrazyKatz,2025-04-17,20:42:39,-07:00,2025-04-17T20:42:39-07:00,0,47
style.css,171,css,12929166,KrazyKatz,2025-04-17,20:42:39,-07:00,2025-04-17T20:42:39-07:00,0,16
style.css,172,css,da29eb65,KrazyKatz,2025-04-17,20:42:05,-07:00,2025-04-17T20:42:05-07:00,0,15
style.css,173,css,da29eb65,KrazyKatz,2025-04-17,20:42:05,-07:00,2025-04-17T20:42:05-07:00,0,6
style.css,174,css,da29eb65,KrazyKatz,2025-04-17,20:42:05,-07:00,2025-04-17T20:42:05-07:00,0,8
style.css,175,css,da29eb65,KrazyKatz,2025-04-17,20:42:05,-07:00,2025-04-17T20:42:05-07:00,0,11
style.css,176,css,da29eb65,KrazyKatz,2025-04-17,20:42:05,-07:00,2025-04-17T20:42:05-07:00,0,17
style.css,177,css,da29eb65,KrazyKatz,2025-04-17,20:42:05,-07:00,2025-04-17T20:42:05-07:00,0,0
style.css,178,css,da29eb65,KrazyKatz,2025-04-17,20:42:05,-07:00,2025-04-17T20:42:05-07:00,0,0
style.css,179,css,12929166,KrazyKatz,2025-04-17,20:42:39,-07:00,2025-04-17T20:42:39-07:00,0,32
style.css,180,css,12929166,KrazyKatz,2025-04-17,20:42:39,-07:00,2025-04-17T20:42:39-07:00,0,29
style.css,181,css,12929166,KrazyKatz,2025-04-17,20:42:39,-07:00,2025-04-17T20:42:39-07:00,0,17
style.css,182,css,12929166,KrazyKatz,2025-04-17,20:42:39,-07:00,2025-04-17T20:42:39-07:00,0,12
style.css,183,css,da29eb65,KrazyKatz,2025-04-17,20:42:05,-07:00,2025-04-17T20:42:05-07:00,0,0
style.css,184,css,da29eb65,KrazyKatz,2025-04-17,20:42:05,-07:00,2025-04-17T20:42:05-07:00,0,0
style.css,185,css,12929166,KrazyKatz,2025-04-17,20:42:39,-07:00,2025-04-17T20:42:39-07:00,0,37
style.css,186,css,12929166,KrazyKatz,2025-04-17,20:42:39,-07:00,2025-04-17T20:42:39-07:00,0,9
style.css,187,css,12929166,KrazyKatz,2025-04-17,20:42:39,-07:00,2025-04-17T20:42:39-07:00,0,67
style.css,188,css,12929166,KrazyKatz,2025-04-17,20:42:39,-07:00,2025-04-17T20:42:39-07:00,0,0
style.css,189,css,12929166,KrazyKatz,2025-04-17,20:42:39,-07:00,2025-04-17T20:42:39-07:00,0,0
style.css,190,css,12929166,KrazyKatz,2025-04-17,20:42:39,-07:00,2025-04-17T20:42:39-07:00,0,39
style.css,191,css,12929166,KrazyKatz,2025-04-17,20:42:39,-07:00,2025-04-17T20:42:39-07:00,0,11
style.css,192,css,12929166,KrazyKatz,2025-04-17,20:42:39,-07:00,2025-04-17T20:42:39-07:00,0,14
style.css,193,css,12929166,KrazyKatz,2025-04-17,20:42:39,-07:00,2025-04-17T20:42:39-07:00,0,23
style.css,194,css,da29eb65,KrazyKatz,2025-04-17,20:42:05,-07:00,2025-04-17T20:42:05-07:00,0,0
style.css,195,css,950e41ba,KrazyKatz,2025-04-25,15:51:29,-07:00,2025-04-25T15:51:29-07:00,0,0
style.css,196,css,950e41ba,KrazyKatz,2025-04-25,15:51:29,-07:00,2025-04-25T15:51:29-07:00,0,9
style.css,197,css,950e41ba,KrazyKatz,2025-04-25,15:51:29,-07:00,2025-04-25T15:51:29-07:00,0,10
style.css,198,css,950e41ba,KrazyKatz,2025-04-25,15:51:29,-07:00,2025-04-25T15:51:29-07:00,0,34
style.css,199,css,950e41ba,KrazyKatz,2025-04-25,15:51:29,-07:00,2025-04-25T15:51:29-07:00,0,8
style.css,200,css,950e41ba,KrazyKatz,2025-04-25,15:51:29,-07:00,2025-04-25T15:51:29-07:00,0,15
style.css,201,css,950e41ba,KrazyKatz,2025-04-25,15:51:29,-07:00,2025-04-25T15:51:29-07:00,0,0
style.css,202,css,950e41ba,KrazyKatz,2025-04-25,15:51:29,-07:00,2025-04-25T15:51:29-07:00,0,0
style.css,203,css,950e41ba,KrazyKatz,2025-04-25,15:51:29,-07:00,2025-04-25T15:51:29-07:00,0,12
style.css,204,css,950e41ba,KrazyKatz,2025-04-25,15:51:29,-07:00,2025-04-25T15:51:29-07:00,0,8
style.css,205,css,950e41ba,KrazyKatz,2025-04-25,15:51:29,-07:00,2025-04-25T15:51:29-07:00,0,14
style.css,206,css,950e41ba,KrazyKatz,2025-04-25,15:51:29,-07:00,2025-04-25T15:51:29-07:00,0,0
style.css,207,css,950e41ba,KrazyKatz,2025-04-25,15:51:29,-07:00,2025-04-25T15:51:29-07:00,0,0
style.css,208,css,950e41ba,KrazyKatz,2025-04-25,15:51:29,-07:00,2025-04-25T15:51:29-07:00,0,12
style.css,209,css,950e41ba,KrazyKatz,2025-04-25,15:51:29,-07:00,2025-04-25T15:51:29-07:00,0,8
style.css,210,css,950e41ba,KrazyKatz,2025-04-25,15:51:29,-07:00,2025-04-25T15:51:29-07:00,0,6
style.css,211,css,950e41ba,KrazyKatz,2025-04-25,15:51:29,-07:00,2025-04-25T15:51:29-07:00,0,0
style.css,212,css,950e41ba,KrazyKatz,2025-04-25,15:51:29,-07:00,2025-04-25T15:51:29-07:00,0,0
style.css,213,css,e3853549,KrazyKatz,2025-05-01,01:09:44,-07:00,2025-05-01T01:09:44-07:00,0,7
style.css,214,css,e3853549,KrazyKatz,2025-05-01,01:09:44,-07:00,2025-05-01T01:09:44-07:00,0,15
style.css,215,css,e3853549,KrazyKatz,2025-05-01,01:09:44,-07:00,2025-05-01T01:09:44-07:00,0,0
style.css,216,css,e3853549,KrazyKatz,2025-05-01,01:09:44,-07:00,2025-05-01T01:09:44-07:00,0,0
style.css,217,css,e3853549,KrazyKatz,2025-05-01,01:09:44,-07:00,2025-05-01T01:09:44-07:00,0,0
style.css,218,css,e3853549,KrazyKatz,2025-05-01,01:09:44,-07:00,2025-05-01T01:09:44-07:00,0,9
style.css,219,css,e3853549,KrazyKatz,2025-05-01,01:09:44,-07:00,2025-05-01T01:09:44-07:00,0,8
style.css,220,css,e3853549,KrazyKatz,2025-05-01,01:09:44,-07:00,2025-05-01T01:09:44-07:00,0,19
style.css,221,css,e3853549,KrazyKatz,2025-05-01,01:09:44,-07:00,2025-05-01T01:09:44-07:00,0,11
style.css,222,css,e3853549,KrazyKatz,2025-05-01,01:09:44,-07:00,2025-05-01T01:09:44-07:00,0,0
style.css,223,css,5f68032d,KrazyKatz,2025-05-01,14:45:34,-07:00,2025-05-01T14:45:34-07:00,0,0
style.css,224,css,5f68032d,KrazyKatz,2025-05-01,14:45:34,-07:00,2025-05-01T14:45:34-07:00,0,11
style.css,225,css,5f68032d,KrazyKatz,2025-05-01,14:45:34,-07:00,2025-05-01T14:45:34-07:00,0,28
style.css,226,css,5f68032d,KrazyKatz,2025-05-01,14:45:34,-07:00,2025-05-01T14:45:34-07:00,0,8
style.css,227,css,5f68032d,KrazyKatz,2025-05-01,14:45:34,-07:00,2025-05-01T14:45:34-07:00,0,32
style.css,228,css,5f68032d,KrazyKatz,2025-05-01,14:45:34,-07:00,2025-05-01T14:45:34-07:00,0,15
style.css,229,css,5f68032d,KrazyKatz,2025-05-01,14:45:34,-07:00,2025-05-01T14:45:34-07:00,0,0
style.css,230,css,7f37eee4,KrazyKatz,2025-05-01,15:01:47,-07:00,2025-05-01T15:01:47-07:00,0,0
style.css,231,css,65bed22e,KrazyKatz,2025-05-01,20:22:06,-07:00,2025-05-01T20:22:06-07:00,0,8
style.css,232,css,65bed22e,KrazyKatz,2025-05-01,20:22:06,-07:00,2025-05-01T20:22:06-07:00,0,10
style.css,233,css,23fa0244,KrazyKatz,2025-05-01,21:22:01,-07:00,2025-05-01T21:22:01-07:00,0,16
style.css,234,css,65bed22e,KrazyKatz,2025-05-01,20:22:06,-07:00,2025-05-01T20:22:06-07:00,0,20
style.css,235,css,65bed22e,KrazyKatz,2025-05-01,20:22:06,-07:00,2025-05-01T20:22:06-07:00,0,5
style.css,236,css,65bed22e,KrazyKatz,2025-05-01,20:22:06,-07:00,2025-05-01T20:22:06-07:00,0,12
style.css,237,css,1df4a11d,KrazyKatz,2025-05-01,21:36:43,-07:00,2025-05-01T21:36:43-07:00,0,20
style.css,238,css,65bed22e,KrazyKatz,2025-05-01,20:22:06,-07:00,2025-05-01T20:22:06-07:00,0,12
style.css,239,css,65bed22e,KrazyKatz,2025-05-01,20:22:06,-07:00,2025-05-01T20:22:06-07:00,0,0
style.css,240,css,65bed22e,KrazyKatz,2025-05-01,20:22:06,-07:00,2025-05-01T20:22:06-07:00,0,0
style.css,241,css,0d02a865,KrazyKatz,2025-05-01,15:16:04,-07:00,2025-05-01T15:16:04-07:00,0,16
style.css,242,css,0d02a865,KrazyKatz,2025-05-01,15:16:04,-07:00,2025-05-01T15:16:04-07:00,0,12
style.css,243,css,0d02a865,KrazyKatz,2025-05-01,15:16:04,-07:00,2025-05-01T15:16:04-07:00,0,16
style.css,244,css,0d02a865,KrazyKatz,2025-05-01,15:16:04,-07:00,2025-05-01T15:16:04-07:00,0,14
style.css,245,css,0d02a865,KrazyKatz,2025-05-01,15:16:04,-07:00,2025-05-01T15:16:04-07:00,0,0
style.css,246,css,0d02a865,KrazyKatz,2025-05-01,15:16:04,-07:00,2025-05-01T15:16:04-07:00,0,0
style.css,247,css,6b0ad20e,KrazyKatz,2025-05-01,21:41:44,-07:00,2025-05-01T21:41:44-07:00,0,21
style.css,248,css,6b0ad20e,KrazyKatz,2025-05-01,21:41:44,-07:00,2025-05-01T21:41:44-07:00,0,14
style.css,249,css,6b0ad20e,KrazyKatz,2025-05-01,21:41:44,-07:00,2025-05-01T21:41:44-07:00,0,0
style.css,250,css,6b0ad20e,KrazyKatz,2025-05-01,21:41:44,-07:00,2025-05-01T21:41:44-07:00,0,0
style.css,251,css,6b0ad20e,KrazyKatz,2025-05-01,21:41:44,-07:00,2025-05-01T21:41:44-07:00,0,55
style.css,252,css,6b0ad20e,KrazyKatz,2025-05-01,21:41:44,-07:00,2025-05-01T21:41:44-07:00,0,9
style.css,253,css,6b0ad20e,KrazyKatz,2025-05-01,21:41:44,-07:00,2025-05-01T21:41:44-07:00,0,0
style.css,254,css,6b0ad20e,KrazyKatz,2025-05-01,21:41:44,-07:00,2025-05-01T21:41:44-07:00,0,0
style.css,255,css,0d02a865,KrazyKatz,2025-05-01,15:16:04,-07:00,2025-05-01T15:16:04-07:00,0,5
style.css,256,css,0d02a865,KrazyKatz,2025-05-01,15:16:04,-07:00,2025-05-01T15:16:04-07:00,0,10
style.css,257,css,0d02a865,KrazyKatz,2025-05-01,15:16:04,-07:00,2025-05-01T15:16:04-07:00,0,55
style.css,258,css,0d02a865,KrazyKatz,2025-05-01,15:16:04,-07:00,2025-05-01T15:16:04-07:00,0,5
style.css,259,css,0d02a865,KrazyKatz,2025-05-01,15:16:04,-07:00,2025-05-01T15:16:04-07:00,0,9
style.css,260,css,0d02a865,KrazyKatz,2025-05-01,15:16:04,-07:00,2025-05-01T15:16:04-07:00,0,6
style.css,261,css,0d02a865,KrazyKatz,2025-05-01,15:16:04,-07:00,2025-05-01T15:16:04-07:00,0,19
style.css,262,css,0d02a865,KrazyKatz,2025-05-01,15:16:04,-07:00,2025-05-01T15:16:04-07:00,0,13
style.css,263,css,0d02a865,KrazyKatz,2025-05-01,15:16:04,-07:00,2025-05-01T15:16:04-07:00,0,4
style.css,264,css,0d02a865,KrazyKatz,2025-05-01,15:16:04,-07:00,2025-05-01T15:16:04-07:00,0,0
style.css,265,css,0d02a865,KrazyKatz,2025-05-01,15:16:04,-07:00,2025-05-01T15:16:04-07:00,0,0
style.css,266,css,0d02a865,KrazyKatz,2025-05-01,15:16:04,-07:00,2025-05-01T15:16:04-07:00,0,10
style.css,267,css,0d02a865,KrazyKatz,2025-05-01,15:16:04,-07:00,2025-05-01T15:16:04-07:00,0,10
style.css,268,css,0d02a865,KrazyKatz,2025-05-01,15:16:04,-07:00,2025-05-01T15:16:04-07:00,0,16
style.css,269,css,0d02a865,KrazyKatz,2025-05-01,15:16:04,-07:00,2025-05-01T15:16:04-07:00,0,7
style.css,270,css,0d02a865,KrazyKatz,2025-05-01,15:16:04,-07:00,2025-05-01T15:16:04-07:00,0,0
style.css,271,css,0d02a865,KrazyKatz,2025-05-01,15:16:04,-07:00,2025-05-01T15:16:04-07:00,0,0
style.css,272,css,0d02a865,KrazyKatz,2025-05-01,15:16:04,-07:00,2025-05-01T15:16:04-07:00,0,5
style.css,273,css,0d02a865,KrazyKatz,2025-05-01,15:16:04,-07:00,2025-05-01T15:16:04-07:00,0,7
style.css,274,css,0d02a865,KrazyKatz,2025-05-01,15:16:04,-07:00,2025-05-01T15:16:04-07:00,0,8
style.css,275,css,0d02a865,KrazyKatz,2025-05-01,15:16:04,-07:00,2025-05-01T15:16:04-07:00,0,16
style.css,276,css,0d02a865,KrazyKatz,2025-05-01,15:16:04,-07:00,2025-05-01T15:16:04-07:00,0,27
style.css,277,css,0d02a865,KrazyKatz,2025-05-01,15:16:04,-07:00,2025-05-01T15:16:04-07:00,0,18
style.css,278,css,deddc265,KrazyKatz,2025-05-01,20:38:00,-07:00,2025-05-01T20:38:00-07:00,0,18
style.css,279,css,0d02a865,KrazyKatz,2025-05-01,15:16:04,-07:00,2025-05-01T15:16:04-07:00,0,0
style.css,280,css,92bfd463,KrazyKatz,2025-05-01,19:17:10,-07:00,2025-05-01T19:17:10-07:00,0,0
style.css,281,css,92bfd463,KrazyKatz,2025-05-01,19:17:10,-07:00,2025-05-01T19:17:10-07:00,0,8
style.css,282,css,92bfd463,KrazyKatz,2025-05-01,19:17:10,-07:00,2025-05-01T19:17:10-07:00,0,10
style.css,283,css,92bfd463,KrazyKatz,2025-05-01,19:17:10,-07:00,2025-05-01T19:17:10-07:00,0,16
style.css,284,css,92bfd463,KrazyKatz,2025-05-01,19:17:10,-07:00,2025-05-01T19:17:10-07:00,0,17
style.css,285,css,92bfd463,KrazyKatz,2025-05-01,19:17:10,-07:00,2025-05-01T19:17:10-07:00,0,38
style.css,286,css,92bfd463,KrazyKatz,2025-05-01,19:17:10,-07:00,2025-05-01T19:17:10-07:00,0,15
style.css,287,css,92bfd463,KrazyKatz,2025-05-01,19:17:10,-07:00,2025-05-01T19:17:10-07:00,0,11
style.css,288,css,92bfd463,KrazyKatz,2025-05-01,19:17:10,-07:00,2025-05-01T19:17:10-07:00,0,19
style.css,289,css,92bfd463,KrazyKatz,2025-05-01,19:17:10,-07:00,2025-05-01T19:17:10-07:00,0,21
style.css,290,css,92bfd463,KrazyKatz,2025-05-01,19:17:10,-07:00,2025-05-01T19:17:10-07:00,0,14
style.css,291,css,92bfd463,KrazyKatz,2025-05-01,19:17:10,-07:00,2025-05-01T19:17:10-07:00,0,0
style.css,292,css,92bfd463,KrazyKatz,2025-05-01,19:17:10,-07:00,2025-05-01T19:17:10-07:00,0,0
style.css,293,css,92bfd463,KrazyKatz,2025-05-01,19:17:10,-07:00,2025-05-01T19:17:10-07:00,0,14
style.css,294,css,92bfd463,KrazyKatz,2025-05-01,19:17:10,-07:00,2025-05-01T19:17:10-07:00,0,10
style.css,295,css,92bfd463,KrazyKatz,2025-05-01,19:17:10,-07:00,2025-05-01T19:17:10-07:00,0,30
style.css,296,css,92bfd463,KrazyKatz,2025-05-01,19:17:10,-07:00,2025-05-01T19:17:10-07:00,0,41
style.css,297,css,92bfd463,KrazyKatz,2025-05-01,19:17:10,-07:00,2025-05-01T19:17:10-07:00,0,0
style.css,298,css,deddc265,KrazyKatz,2025-05-01,20:38:00,-07:00,2025-05-01T20:38:00-07:00,0,0
style.css,299,css,6b0ad20e,KrazyKatz,2025-05-01,21:41:44,-07:00,2025-05-01T21:41:44-07:00,0,7
style.css,300,css,d54f150f,KrazyKatz,2025-05-01,22:14:02,-07:00,2025-05-01T22:14:02-07:00,0,33
style.css,301,css,6b0ad20e,KrazyKatz,2025-05-01,21:41:44,-07:00,2025-05-01T21:41:44-07:00,0,0
style.css,302,css,6b0ad20e,KrazyKatz,2025-05-01,21:41:44,-07:00,2025-05-01T21:41:44-07:00,0,0
style.css,303,css,6b0ad20e,KrazyKatz,2025-05-01,21:41:44,-07:00,2025-05-01T21:41:44-07:00,0,16
style.css,304,css,d54f150f,KrazyKatz,2025-05-01,22:14:02,-07:00,2025-05-01T22:14:02-07:00,0,15
style.css,305,css,6b0ad20e,KrazyKatz,2025-05-01,21:41:44,-07:00,2025-05-01T21:41:44-07:00,0,0
style.css,306,css,43539f17,KrazyKatz,2025-05-01,22:03:00,-07:00,2025-05-01T22:03:00-07:00,0,0
style.css,307,css,43539f17,KrazyKatz,2025-05-01,22:03:00,-07:00,2025-05-01T22:03:00-07:00,0,2
style.css,308,css,9426050f,KrazyKatz,2025-05-01,22:22:05,-07:00,2025-05-01T22:22:05-07:00,0,15
style.css,309,css,43539f17,KrazyKatz,2025-05-01,22:03:00,-07:00,2025-05-01T22:03:00-07:00,0,12
style.css,310,css,43539f17,KrazyKatz,2025-05-01,22:03:00,-07:00,2025-05-01T22:03:00-07:00,0,0
resume.html,1,html,90ae2985,KrazyKatz,2025-04-03,12:32:49,-07:00,2025-04-03T12:32:49-07:00,0,11
resume.html,2,html,90ae2985,KrazyKatz,2025-04-03,12:32:49,-07:00,2025-04-03T12:32:49-07:00,0,12
resume.html,3,html,90ae2985,KrazyKatz,2025-04-03,12:32:49,-07:00,2025-04-03T12:32:49-07:00,0,2
resume.html,4,html,90ae2985,KrazyKatz,2025-04-03,12:32:49,-07:00,2025-04-03T12:32:49-07:00,1,18
resume.html,5,html,90ae2985,KrazyKatz,2025-04-03,12:32:49,-07:00,2025-04-03T12:32:49-07:00,1,66
resume.html,6,html,90ae2985,KrazyKatz,2025-04-03,12:32:49,-07:00,2025-04-03T12:32:49-07:00,1,30
resume.html,7,html,78d29f23,KrazyKatz,2025-04-10,19:15:33,-07:00,2025-04-10T19:15:33-07:00,1,3
resume.html,8,html,f0f12359,KrazyKatz,2025-04-10,22:24:45,-07:00,2025-04-10T22:24:45-07:00,2,3
resume.html,9,html,f0f12359,KrazyKatz,2025-04-10,22:24:45,-07:00,2025-04-10T22:24:45-07:00,3,21
resume.html,10,html,f0f12359,KrazyKatz,2025-04-10,22:24:45,-07:00,2025-04-10T22:24:45-07:00,3,20
resume.html,11,html,f0f12359,KrazyKatz,2025-04-10,22:24:45,-07:00,2025-04-10T22:24:45-07:00,3,18
resume.html,12,html,f0f12359,KrazyKatz,2025-04-10,22:24:45,-07:00,2025-04-10T22:24:45-07:00,3,14
resume.html,13,html,f0f12359,KrazyKatz,2025-04-10,22:24:45,-07:00,2025-04-10T22:24:45-07:00,3,15
resume.html,14,html,f0f12359,KrazyKatz,2025-04-10,22:24:45,-07:00,2025-04-10T22:24:45-07:00,2,0
resume.html,15,html,f0f12359,KrazyKatz,2025-04-10,22:24:45,-07:00,2025-04-10T22:24:45-07:00,0,0
resume.html,16,html,78d29f23,KrazyKatz,2025-04-10,19:15:33,-07:00,2025-04-10T19:15:33-07:00,2,2
resume.html,17,html,f0f12359,KrazyKatz,2025-04-10,22:24:45,-07:00,2025-04-10T22:24:45-07:00,3,39
resume.html,18,html,f0f12359,KrazyKatz,2025-04-10,22:24:45,-07:00,2025-04-10T22:24:45-07:00,3,6
resume.html,19,html,f0f12359,KrazyKatz,2025-04-10,22:24:45,-07:00,2025-04-10T22:24:45-07:00,3,9
resume.html,20,html,78d29f23,KrazyKatz,2025-04-10,19:15:33,-07:00,2025-04-10T19:15:33-07:00,3,13
resume.html,21,html,f0f12359,KrazyKatz,2025-04-10,22:24:45,-07:00,2025-04-10T22:24:45-07:00,3,32
resume.html,22,html,f0f12359,KrazyKatz,2025-04-10,22:24:45,-07:00,2025-04-10T22:24:45-07:00,3,20
resume.html,23,html,78d29f23,KrazyKatz,2025-04-10,19:15:33,-07:00,2025-04-10T19:15:33-07:00,2,0
resume.html,24,html,f0f12359,KrazyKatz,2025-04-10,22:24:45,-07:00,2025-04-10T22:24:45-07:00,0,0
resume.html,25,html,78d29f23,KrazyKatz,2025-04-10,19:15:33,-07:00,2025-04-10T19:15:33-07:00,2,8
resume.html,26,html,f0f12359,KrazyKatz,2025-04-10,22:24:45,-07:00,2025-04-10T22:24:45-07:00,3,13
resume.html,27,html,f0f12359,KrazyKatz,2025-04-10,22:24:45,-07:00,2025-04-10T22:24:45-07:00,3,9
resume.html,28,html,78d29f23,KrazyKatz,2025-04-10,19:15:33,-07:00,2025-04-10T19:15:33-07:00,3,14
resume.html,29,html,f0f12359,KrazyKatz,2025-04-10,22:24:45,-07:00,2025-04-10T22:24:45-07:00,3,9
resume.html,30,html,78d29f23,KrazyKatz,2025-04-10,19:15:33,-07:00,2025-04-10T19:15:33-07:00,3,16
resume.html,31,html,f0f12359,KrazyKatz,2025-04-10,22:24:45,-07:00,2025-04-10T22:24:45-07:00,3,40
resume.html,32,html,f0f12359,KrazyKatz,2025-04-10,22:24:45,-07:00,2025-04-10T22:24:45-07:00,2,0
resume.html,33,html,f0f12359,KrazyKatz,2025-04-10,22:24:45,-07:00,2025-04-10T22:24:45-07:00,0,0
resume.html,34,html,f0f12359,KrazyKatz,2025-04-10,22:24:45,-07:00,2025-04-10T22:24:45-07:00,2,0
resume.html,35,html,f0f12359,KrazyKatz,2025-04-10,22:24:45,-07:00,2025-04-10T22:24:45-07:00,3,23
resume.html,36,html,f0f12359,KrazyKatz,2025-04-10,22:24:45,-07:00,2025-04-10T22:24:45-07:00,3,18
resume.html,37,html,f0f12359,KrazyKatz,2025-04-10,22:24:45,-07:00,2025-04-10T22:24:45-07:00,2,0
resume.html,38,html,f0f12359,KrazyKatz,2025-04-10,22:24:45,-07:00,2025-04-10T22:24:45-07:00,2,5
resume.html,39,html,f0f12359,KrazyKatz,2025-04-10,22:24:45,-07:00,2025-04-10T22:24:45-07:00,3,23
resume.html,40,html,f0f12359,KrazyKatz,2025-04-10,22:24:45,-07:00,2025-04-10T22:24:45-07:00,2,0
resume.html,41,html,f0f12359,KrazyKatz,2025-04-10,22:24:45,-07:00,2025-04-10T22:24:45-07:00,0,0
resume.html,42,html,f0f12359,KrazyKatz,2025-04-10,22:24:45,-07:00,2025-04-10T22:24:45-07:00,2,0
resume.html,43,html,f0f12359,KrazyKatz,2025-04-10,22:24:45,-07:00,2025-04-10T22:24:45-07:00,3,13
resume.html,44,html,f0f12359,KrazyKatz,2025-04-10,22:24:45,-07:00,2025-04-10T22:24:45-07:00,3,24
resume.html,45,html,f0f12359,KrazyKatz,2025-04-10,22:24:45,-07:00,2025-04-10T22:24:45-07:00,3,17
resume.html,46,html,78d29f23,KrazyKatz,2025-04-10,19:15:33,-07:00,2025-04-10T19:15:33-07:00,2,0
resume.html,47,html,f0f12359,KrazyKatz,2025-04-10,22:24:45,-07:00,2025-04-10T22:24:45-07:00,0,0
resume.html,48,html,f0f12359,KrazyKatz,2025-04-10,22:24:45,-07:00,2025-04-10T22:24:45-07:00,2,0
resume.html,49,html,f0f12359,KrazyKatz,2025-04-10,22:24:45,-07:00,2025-04-10T22:24:45-07:00,3,13
resume.html,50,html,f0f12359,KrazyKatz,2025-04-10,22:24:45,-07:00,2025-04-10T22:24:45-07:00,3,41
resume.html,51,html,f0f12359,KrazyKatz,2025-04-10,22:24:45,-07:00,2025-04-10T22:24:45-07:00,3,18
resume.html,52,html,f0f12359,KrazyKatz,2025-04-10,22:24:45,-07:00,2025-04-10T22:24:45-07:00,3,27
resume.html,53,html,78d29f23,KrazyKatz,2025-04-10,19:15:33,-07:00,2025-04-10T19:15:33-07:00,2,0
resume.html,54,html,f0f12359,KrazyKatz,2025-04-10,22:24:45,-07:00,2025-04-10T22:24:45-07:00,0,0
resume.html,55,html,f0f12359,KrazyKatz,2025-04-10,22:24:45,-07:00,2025-04-10T22:24:45-07:00,2,0
resume.html,56,html,f0f12359,KrazyKatz,2025-04-10,22:24:45,-07:00,2025-04-10T22:24:45-07:00,3,13
resume.html,57,html,f0f12359,KrazyKatz,2025-04-10,22:24:45,-07:00,2025-04-10T22:24:45-07:00,3,17
resume.html,58,html,f0f12359,KrazyKatz,2025-04-10,22:24:45,-07:00,2025-04-10T22:24:45-07:00,3,24
resume.html,59,html,f0f12359,KrazyKatz,2025-04-10,22:24:45,-07:00,2025-04-10T22:24:45-07:00,2,0
resume.html,60,html,f0f12359,KrazyKatz,2025-04-10,22:24:45,-07:00,2025-04-10T22:24:45-07:00,0,0
resume.html,61,html,78d29f23,KrazyKatz,2025-04-10,19:15:33,-07:00,2025-04-10T19:15:33-07:00,2,6
resume.html,62,html,f0f12359,KrazyKatz,2025-04-10,22:24:45,-07:00,2025-04-10T22:24:45-07:00,3,11
resume.html,63,html,f0f12359,KrazyKatz,2025-04-10,22:24:45,-07:00,2025-04-10T22:24:45-07:00,3,17
resume.html,64,html,78d29f23,KrazyKatz,2025-04-10,19:15:33,-07:00,2025-04-10T19:15:33-07:00,2,0
resume.html,65,html,f0f12359,KrazyKatz,2025-04-10,22:24:45,-07:00,2025-04-10T22:24:45-07:00,0,0
resume.html,66,html,78d29f23,KrazyKatz,2025-04-10,19:15:33,-07:00,2025-04-10T19:15:33-07:00,2,6
resume.html,67,html,f0f12359,KrazyKatz,2025-04-10,22:24:45,-07:00,2025-04-10T22:24:45-07:00,3,30
resume.html,68,html,f0f12359,KrazyKatz,2025-04-10,22:24:45,-07:00,2025-04-10T22:24:45-07:00,2,0
resume.html,69,html,f0f12359,KrazyKatz,2025-04-10,22:24:45,-07:00,2025-04-10T22:24:45-07:00,0,0
resume.html,70,html,f0f12359,KrazyKatz,2025-04-10,22:24:45,-07:00,2025-04-10T22:24:45-07:00,2,0
resume.html,71,html,f0f12359,KrazyKatz,2025-04-10,22:24:45,-07:00,2025-04-10T22:24:45-07:00,3,16
resume.html,72,html,f0f12359,KrazyKatz,2025-04-10,22:24:45,-07:00,2025-04-10T22:24:45-07:00,3,12
resume.html,73,html,f0f12359,KrazyKatz,2025-04-10,22:24:45,-07:00,2025-04-10T22:24:45-07:00,2,0
resume.html,74,html,f0f12359,KrazyKatz,2025-04-10,22:24:45,-07:00,2025-04-10T22:24:45-07:00,0,0
resume.html,75,html,f0f12359,KrazyKatz,2025-04-10,22:24:45,-07:00,2025-04-10T22:24:45-07:00,2,3
resume.html,76,html,f0f12359,KrazyKatz,2025-04-10,22:24:45,-07:00,2025-04-10T22:24:45-07:00,3,17
resume.html,77,html,f0f12359,KrazyKatz,2025-04-10,22:24:45,-07:00,2025-04-10T22:24:45-07:00,2,0
resume.html,78,html,f0f12359,KrazyKatz,2025-04-10,22:24:45,-07:00,2025-04-10T22:24:45-07:00,0,0
resume.html,79,html,f0f12359,KrazyKatz,2025-04-10,22:24:45,-07:00,2025-04-10T22:24:45-07:00,2,0
resume.html,80,html,f0f12359,KrazyKatz,2025-04-10,22:24:45,-07:00,2025-04-10T22:24:45-07:00,3,12
resume.html,81,html,78d29f23,KrazyKatz,2025-04-10,19:15:33,-07:00,2025-04-10T19:15:33-07:00,2,0
resume.html,82,html,f0f12359,KrazyKatz,2025-04-10,22:24:45,-07:00,2025-04-10T22:24:45-07:00,0,0
resume.html,83,html,78d29f23,KrazyKatz,2025-04-10,19:15:33,-07:00,2025-04-10T19:15:33-07:00,1,4
resume.html,84,html,90ae2985,KrazyKatz,2025-04-03,12:32:49,-07:00,2025-04-03T12:32:49-07:00,0,3
resume.html,85,html,90ae2985,KrazyKatz,2025-04-03,12:32:49,-07:00,2025-04-03T12:32:49-07:00,0,2
resume.html,86,html,90ae2985,KrazyKatz,2025-04-03,12:32:49,-07:00,2025-04-03T12:32:49-07:00,1,19
resume.html,87,html,57cd1ff5,KrazyKatz,2025-04-03,12:45:09,-07:00,2025-04-03T12:45:09-07:00,2,97
resume.html,88,html,2ff8292f,KrazyKatz,2025-04-03,12:43:27,-07:00,2025-04-03T12:43:27-07:00,2,24
resume.html,89,html,90ae2985,KrazyKatz,2025-04-03,12:32:49,-07:00,2025-04-03T12:32:49-07:00,2,17
resume.html,90,html,90ae2985,KrazyKatz,2025-04-03,12:32:49,-07:00,2025-04-03T12:32:49-07:00,3,80
resume.html,91,html,90ae2985,KrazyKatz,2025-04-03,12:32:49,-07:00,2025-04-03T12:32:49-07:00,2,2
resume.html,92,html,90ae2985,KrazyKatz,2025-04-03,12:32:49,-07:00,2025-04-03T12:32:49-07:00,0,0
resume.html,93,html,90ae2985,KrazyKatz,2025-04-03,12:32:49,-07:00,2025-04-03T12:32:49-07:00,2,17
resume.html,94,html,90ae2985,KrazyKatz,2025-04-03,12:32:49,-07:00,2025-04-03T12:32:49-07:00,3,11
resume.html,95,html,90ae2985,KrazyKatz,2025-04-03,12:32:49,-07:00,2025-04-03T12:32:49-07:00,3,108
resume.html,96,html,90ae2985,KrazyKatz,2025-04-03,12:32:49,-07:00,2025-04-03T12:32:49-07:00,2,2
resume.html,97,html,90ae2985,KrazyKatz,2025-04-03,12:32:49,-07:00,2025-04-03T12:32:49-07:00,0,0
resume.html,98,html,90ae2985,KrazyKatz,2025-04-03,12:32:49,-07:00,2025-04-03T12:32:49-07:00,2,17
resume.html,99,html,90ae2985,KrazyKatz,2025-04-03,12:32:49,-07:00,2025-04-03T12:32:49-07:00,3,15
resume.html,100,html,90ae2985,KrazyKatz,2025-04-03,12:32:49,-07:00,2025-04-03T12:32:49-07:00,3,69
resume.html,101,html,90ae2985,KrazyKatz,2025-04-03,12:32:49,-07:00,2025-04-03T12:32:49-07:00,3,0
resume.html,102,html,90ae2985,KrazyKatz,2025-04-03,12:32:49,-07:00,2025-04-03T12:32:49-07:00,4,87
resume.html,103,html,90ae2985,KrazyKatz,2025-04-03,12:32:49,-07:00,2025-04-03T12:32:49-07:00,4,122
resume.html,104,html,90ae2985,KrazyKatz,2025-04-03,12:32:49,-07:00,2025-04-03T12:32:49-07:00,4,100
resume.html,105,html,90ae2985,KrazyKatz,2025-04-03,12:32:49,-07:00,2025-04-03T12:32:49-07:00,3,1
resume.html,106,html,90ae2985,KrazyKatz,2025-04-03,12:32:49,-07:00,2025-04-03T12:32:49-07:00,0,0
resume.html,107,html,90ae2985,KrazyKatz,2025-04-03,12:32:49,-07:00,2025-04-03T12:32:49-07:00,3,98
resume.html,108,html,90ae2985,KrazyKatz,2025-04-03,12:32:49,-07:00,2025-04-03T12:32:49-07:00,3,0
resume.html,109,html,90ae2985,KrazyKatz,2025-04-03,12:32:49,-07:00,2025-04-03T12:32:49-07:00,4,126
resume.html,110,html,90ae2985,KrazyKatz,2025-04-03,12:32:49,-07:00,2025-04-03T12:32:49-07:00,4,160
resume.html,111,html,90ae2985,KrazyKatz,2025-04-03,12:32:49,-07:00,2025-04-03T12:32:49-07:00,4,80
resume.html,112,html,90ae2985,KrazyKatz,2025-04-03,12:32:49,-07:00,2025-04-03T12:32:49-07:00,3,1
resume.html,113,html,90ae2985,KrazyKatz,2025-04-03,12:32:49,-07:00,2025-04-03T12:32:49-07:00,0,0
resume.html,114,html,90ae2985,KrazyKatz,2025-04-03,12:32:49,-07:00,2025-04-03T12:32:49-07:00,3,87
resume.html,115,html,90ae2985,KrazyKatz,2025-04-03,12:32:49,-07:00,2025-04-03T12:32:49-07:00,3,0
resume.html,116,html,90ae2985,KrazyKatz,2025-04-03,12:32:49,-07:00,2025-04-03T12:32:49-07:00,4,133
resume.html,117,html,90ae2985,KrazyKatz,2025-04-03,12:32:49,-07:00,2025-04-03T12:32:49-07:00,4,173
resume.html,118,html,90ae2985,KrazyKatz,2025-04-03,12:32:49,-07:00,2025-04-03T12:32:49-07:00,3,1
resume.html,119,html,90ae2985,KrazyKatz,2025-04-03,12:32:49,-07:00,2025-04-03T12:32:49-07:00,2,2
resume.html,120,html,90ae2985,KrazyKatz,2025-04-03,12:32:49,-07:00,2025-04-03T12:32:49-07:00,0,0
resume.html,121,html,90ae2985,KrazyKatz,2025-04-03,12:32:49,-07:00,2025-04-03T12:32:49-07:00,2,17
resume.html,122,html,90ae2985,KrazyKatz,2025-04-03,12:32:49,-07:00,2025-04-03T12:32:49-07:00,3,14
resume.html,123,html,90ae2985,KrazyKatz,2025-04-03,12:32:49,-07:00,2025-04-03T12:32:49-07:00,3,63
resume.html,124,html,90ae2985,KrazyKatz,2025-04-03,12:32:49,-07:00,2025-04-03T12:32:49-07:00,3,71
resume.html,125,html,90ae2985,KrazyKatz,2025-04-03,12:32:49,-07:00,2025-04-03T12:32:49-07:00,3,49
resume.html,126,html,90ae2985,KrazyKatz,2025-04-03,12:32:49,-07:00,2025-04-03T12:32:49-07:00,0,0
resume.html,127,html,90ae2985,KrazyKatz,2025-04-03,12:32:49,-07:00,2025-04-03T12:32:49-07:00,3,53
resume.html,128,html,90ae2985,KrazyKatz,2025-04-03,12:32:49,-07:00,2025-04-03T12:32:49-07:00,3,60
resume.html,129,html,90ae2985,KrazyKatz,2025-04-03,12:32:49,-07:00,2025-04-03T12:32:49-07:00,3,36
resume.html,130,html,90ae2985,KrazyKatz,2025-04-03,12:32:49,-07:00,2025-04-03T12:32:49-07:00,2,2
resume.html,131,html,90ae2985,KrazyKatz,2025-04-03,12:32:49,-07:00,2025-04-03T12:32:49-07:00,0,0
resume.html,132,html,90ae2985,KrazyKatz,2025-04-03,12:32:49,-07:00,2025-04-03T12:32:49-07:00,2,17
resume.html,133,html,90ae2985,KrazyKatz,2025-04-03,12:32:49,-07:00,2025-04-03T12:32:49-07:00,3,13
resume.html,134,html,90ae2985,KrazyKatz,2025-04-03,12:32:49,-07:00,2025-04-03T12:32:49-07:00,3,307
resume.html,135,html,90ae2985,KrazyKatz,2025-04-03,12:32:49,-07:00,2025-04-03T12:32:49-07:00,2,2
resume.html,136,html,2ff8292f,KrazyKatz,2025-04-03,12:43:27,-07:00,2025-04-03T12:43:27-07:00,2,90
resume.html,137,html,90ae2985,KrazyKatz,2025-04-03,12:32:49,-07:00,2025-04-03T12:32:49-07:00,1,2
resume.html,138,html,935187f3,KrazyKatz,2025-04-17,17:58:31,-07:00,2025-04-17T17:58:31-07:00,1,52
resume.html,139,html,90ae2985,KrazyKatz,2025-04-03,12:32:49,-07:00,2025-04-03T12:32:49-07:00,0,3
resume.html,140,html,90ae2985,KrazyKatz,2025-04-03,12:32:49,-07:00,2025-04-03T12:32:49-07:00,0,3
index.js,1,js,1590a6f9,KrazyKatz,2025-04-25,15:59:22,-07:00,2025-04-25T15:59:22-07:00,0,69
index.js,2,js,864cf7a8,KrazyKatz,2025-04-25,15:31:41,-07:00,2025-04-25T15:31:41-07:00,0,0
index.js,3,js,1590a6f9,KrazyKatz,2025-04-25,15:59:22,-07:00,2025-04-25T15:59:22-07:00,0,21
index.js,4,js,864cf7a8,KrazyKatz,2025-04-25,15:31:41,-07:00,2025-04-25T15:31:41-07:00,0,58
index.js,5,js,864cf7a8,KrazyKatz,2025-04-25,15:31:41,-07:00,2025-04-25T15:31:41-07:00,0,20
index.js,6,js,864cf7a8,KrazyKatz,2025-04-25,15:31:41,-07:00,2025-04-25T15:31:41-07:00,0,52
index.js,7,js,1590a6f9,KrazyKatz,2025-04-25,15:59:22,-07:00,2025-04-25T15:59:22-07:00,0,40
index.js,8,js,864cf7a8,KrazyKatz,2025-04-25,15:31:41,-07:00,2025-04-25T15:31:41-07:00,0,52
index.js,9,js,864cf7a8,KrazyKatz,2025-04-25,15:31:41,-07:00,2025-04-25T15:31:41-07:00,0,0
index.js,10,js,864cf7a8,KrazyKatz,2025-04-25,15:31:41,-07:00,2025-04-25T15:31:41-07:00,0,0
index.js,11,js,864cf7a8,KrazyKatz,2025-04-25,15:31:41,-07:00,2025-04-25T15:31:41-07:00,0,21
index.js,12,js,864cf7a8,KrazyKatz,2025-04-25,15:31:41,-07:00,2025-04-25T15:31:41-07:00,1,53
index.js,13,js,864cf7a8,KrazyKatz,2025-04-25,15:31:41,-07:00,2025-04-25T15:31:41-07:00,0,4
index.js,14,js,864cf7a8,KrazyKatz,2025-04-25,15:31:41,-07:00,2025-04-25T15:31:41-07:00,1,52
index.js,15,js,864cf7a8,KrazyKatz,2025-04-25,15:31:41,-07:00,2025-04-25T15:31:41-07:00,1,40
index.js,16,js,864cf7a8,KrazyKatz,2025-04-25,15:31:41,-07:00,2025-04-25T15:31:41-07:00,1,52
index.js,17,js,950e41ba,KrazyKatz,2025-04-25,15:51:29,-07:00,2025-04-25T15:51:29-07:00,0,0
index.js,18,js,950e41ba,KrazyKatz,2025-04-25,15:51:29,-07:00,2025-04-25T15:51:29-07:00,0,0
index.js,19,js,950e41ba,KrazyKatz,2025-04-25,15:51:29,-07:00,2025-04-25T15:51:29-07:00,0,29
index.js,20,js,950e41ba,KrazyKatz,2025-04-25,15:51:29,-07:00,2025-04-25T15:51:29-07:00,0,58
index.js,21,js,950e41ba,KrazyKatz,2025-04-25,15:51:29,-07:00,2025-04-25T15:51:29-07:00,0,15
index.js,22,js,03cf63c0,KrazyKatz,2025-04-25,16:02:09,-07:00,2025-04-25T16:02:09-07:00,0,87
index.js,23,js,950e41ba,KrazyKatz,2025-04-25,15:51:29,-07:00,2025-04-25T15:51:29-07:00,0,22
index.js,24,js,950e41ba,KrazyKatz,2025-04-25,15:51:29,-07:00,2025-04-25T15:51:29-07:00,1,25
index.js,25,js,950e41ba,KrazyKatz,2025-04-25,15:51:29,-07:00,2025-04-25T15:51:29-07:00,1,19
index.js,26,js,950e41ba,KrazyKatz,2025-04-25,15:51:29,-07:00,2025-04-25T15:51:29-07:00,1,52
index.js,27,js,950e41ba,KrazyKatz,2025-04-25,15:51:29,-07:00,2025-04-25T15:51:29-07:00,1,52
index.js,28,js,950e41ba,KrazyKatz,2025-04-25,15:51:29,-07:00,2025-04-25T15:51:29-07:00,1,46
index.js,29,js,950e41ba,KrazyKatz,2025-04-25,15:51:29,-07:00,2025-04-25T15:51:29-07:00,1,46
index.js,30,js,950e41ba,KrazyKatz,2025-04-25,15:51:29,-07:00,2025-04-25T15:51:29-07:00,1,1
index.js,31,js,950e41ba,KrazyKatz,2025-04-25,15:51:29,-07:00,2025-04-25T15:51:29-07:00,0,0
index.js,32,js,9c894b20,KrazyKatz,2025-04-25,15:56:02,-07:00,2025-04-25T15:56:02-07:00,0,0
index.html,1,html,10342336,KrazyKatz,2025-04-03,11:31:40,-07:00,2025-04-03T11:31:40-07:00,0,11
index.html,2,html,10342336,KrazyKatz,2025-04-03,11:31:40,-07:00,2025-04-03T11:31:40-07:00,0,12
index.html,3,html,10342336,KrazyKatz,2025-04-03,11:31:40,-07:00,2025-04-03T11:31:40-07:00,0,2
index.html,4,html,10342336,KrazyKatz,2025-04-03,11:31:40,-07:00,2025-04-03T11:31:40-07:00,1,18
index.html,5,html,10342336,KrazyKatz,2025-04-03,11:31:40,-07:00,2025-04-03T11:31:40-07:00,1,66
index.html,6,html,178dee20,KrazyKatz,2025-04-10,19:08:50,-07:00,2025-04-10T19:08:50-07:00,1,36
index.html,7,html,10342336,KrazyKatz,2025-04-03,11:31:40,-07:00,2025-04-03T11:31:40-07:00,1,49
index.html,8,html,10342336,KrazyKatz,2025-04-03,11:31:40,-07:00,2025-04-03T11:31:40-07:00,0,3
index.html,9,html,10342336,KrazyKatz,2025-04-03,11:31:40,-07:00,2025-04-03T11:31:40-07:00,0,2
index.html,10,html,62c425b2,KrazyKatz,2025-04-17,17:40:41,-07:00,2025-04-17T17:40:41-07:00,1,6
index.html,11,html,c71a2b8c,KrazyKatz,2025-04-03,12:00:07,-07:00,2025-04-03T12:00:07-07:00,2,0
index.html,12,html,c71a2b8c,KrazyKatz,2025-04-03,12:00:07,-07:00,2025-04-03T12:00:07-07:00,3,34
index.html,13,html,c71a2b8c,KrazyKatz,2025-04-03,12:00:07,-07:00,2025-04-03T12:00:07-07:00,3,46
index.html,14,html,c71a2b8c,KrazyKatz,2025-04-03,12:00:07,-07:00,2025-04-03T12:00:07-07:00,3,45
index.html,15,html,79f02d24,KrazyKatz,2025-04-03,12:37:01,-07:00,2025-04-03T12:37:01-07:00,3,37
index.html,16,html,762dd2d3,KrazyKatz,2025-04-10,21:53:16,-07:00,2025-04-10T21:53:16-07:00,3,54
index.html,17,html,c71a2b8c,KrazyKatz,2025-04-03,12:00:07,-07:00,2025-04-03T12:00:07-07:00,2,1
index.html,18,html,62c425b2,KrazyKatz,2025-04-17,17:40:41,-07:00,2025-04-17T17:40:41-07:00,1,6
index.html,19,html,c71a2b8c,KrazyKatz,2025-04-03,12:00:07,-07:00,2025-04-03T12:00:07-07:00,1,33
index.html,20,html,10342336,KrazyKatz,2025-04-03,11:31:40,-07:00,2025-04-03T11:31:40-07:00,1,15
index.html,21,html,53ed77cf,KrazyKatz,2025-04-10,18:58:01,-07:00,2025-04-10T18:58:01-07:00,1,322
index.html,22,html,47cc41a3,KrazyKatz,2025-04-03,11:47:58,-07:00,2025-04-03T11:47:58-07:00,0,0
index.html,23,html,950e41ba,KrazyKatz,2025-04-25,15:51:29,-07:00,2025-04-25T15:51:29-07:00,1,26
index.html,24,html,950e41ba,KrazyKatz,2025-04-25,15:51:29,-07:00,2025-04-25T15:51:29-07:00,0,0
index.html,25,html,864cf7a8,KrazyKatz,2025-04-25,15:31:41,-07:00,2025-04-25T15:31:41-07:00,1,20
index.html,26,html,864cf7a8,KrazyKatz,2025-04-25,15:31:41,-07:00,2025-04-25T15:31:41-07:00,2,18
index.html,27,html,864cf7a8,KrazyKatz,2025-04-25,15:31:41,-07:00,2025-04-25T15:31:41-07:00,2,42
index.html,28,html,864cf7a8,KrazyKatz,2025-04-25,15:31:41,-07:00,2025-04-25T15:31:41-07:00,2,2
index.html,29,html,864cf7a8,KrazyKatz,2025-04-25,15:31:41,-07:00,2025-04-25T15:31:41-07:00,0,0
index.html,30,html,b3feb264,KrazyKatz,2025-04-30,23:31:42,-07:00,2025-04-30T23:31:42-07:00,1,44
index.html,31,html,b3feb264,KrazyKatz,2025-04-30,23:31:42,-07:00,2025-04-30T23:31:42-07:00,0,0
index.html,32,html,47cc41a3,KrazyKatz,2025-04-03,11:47:58,-07:00,2025-04-03T11:47:58-07:00,1,78
index.html,33,html,864cf7a8,KrazyKatz,2025-04-25,15:31:41,-07:00,2025-04-25T15:31:41-07:00,1,45
index.html,34,html,864cf7a8,KrazyKatz,2025-04-25,15:31:41,-07:00,2025-04-25T15:31:41-07:00,1,50
index.html,35,html,10342336,KrazyKatz,2025-04-03,11:31:40,-07:00,2025-04-03T11:31:40-07:00,0,3
index.html,36,html,10342336,KrazyKatz,2025-04-03,11:31:40,-07:00,2025-04-03T11:31:40-07:00,0,3
global.js,1,js,7e916f45,KrazyKatz,2025-04-17,17:46:33,-07:00,2025-04-17T17:46:33-07:00,0,36
global.js,2,js,7e916f45,KrazyKatz,2025-04-17,17:46:33,-07:00,2025-04-17T17:46:33-07:00,0,0
global.js,3,js,7e916f45,KrazyKatz,2025-04-17,17:46:33,-07:00,2025-04-17T17:46:33-07:00,0,23
global.js,4,js,4223d754,KrazyKatz,2025-04-17,17:21:38,-07:00,2025-04-17T17:21:38-07:00,0,0
global.js,5,js,4223d754,KrazyKatz,2025-04-17,17:21:38,-07:00,2025-04-17T17:21:38-07:00,0,39
global.js,6,js,4223d754,KrazyKatz,2025-04-17,17:21:38,-07:00,2025-04-17T17:21:38-07:00,0,50
global.js,7,js,c926f250,KrazyKatz,2025-04-17,17:32:24,-07:00,2025-04-17T17:32:24-07:00,0,0
global.js,8,js,c926f250,KrazyKatz,2025-04-17,17:32:24,-07:00,2025-04-17T17:32:24-07:00,0,0
global.js,9,js,7e916f45,KrazyKatz,2025-04-17,17:46:33,-07:00,2025-04-17T17:46:33-07:00,0,27
global.js,10,js,62c425b2,KrazyKatz,2025-04-17,17:40:41,-07:00,2025-04-17T17:40:41-07:00,0,86
global.js,11,js,7e916f45,KrazyKatz,2025-04-17,17:46:33,-07:00,2025-04-17T17:46:33-07:00,0,1
global.js,12,js,254c7a4c,KrazyKatz,2025-04-17,17:49:52,-07:00,2025-04-17T17:49:52-07:00,0,56
global.js,13,js,c926f250,KrazyKatz,2025-04-17,17:32:24,-07:00,2025-04-17T17:32:24-07:00,0,0
global.js,14,js,7e916f45,KrazyKatz,2025-04-17,17:46:33,-07:00,2025-04-17T17:46:33-07:00,0,25
global.js,15,js,62c425b2,KrazyKatz,2025-04-17,17:40:41,-07:00,2025-04-17T17:40:41-07:00,0,9
global.js,16,js,62c425b2,KrazyKatz,2025-04-17,17:40:41,-07:00,2025-04-17T17:40:41-07:00,0,23
global.js,17,js,62c425b2,KrazyKatz,2025-04-17,17:40:41,-07:00,2025-04-17T17:40:41-07:00,0,35
global.js,18,js,62c425b2,KrazyKatz,2025-04-17,17:40:41,-07:00,2025-04-17T17:40:41-07:00,0,34
global.js,19,js,62c425b2,KrazyKatz,2025-04-17,17:40:41,-07:00,2025-04-17T17:40:41-07:00,0,36
global.js,20,js,00000000,Not Committed Yet,2025-05-08,21:34:57,-07:00,2025-05-08T21:34:57-07:00,0,28
global.js,21,js,62c425b2,KrazyKatz,2025-04-17,17:40:41,-07:00,2025-04-17T17:40:41-07:00,0,53
global.js,22,js,62c425b2,KrazyKatz,2025-04-17,17:40:41,-07:00,2025-04-17T17:40:41-07:00,0,0
global.js,23,js,62c425b2,KrazyKatz,2025-04-17,17:40:41,-07:00,2025-04-17T17:40:41-07:00,0,0
global.js,24,js,7e916f45,KrazyKatz,2025-04-17,17:46:33,-07:00,2025-04-17T17:46:33-07:00,0,29
global.js,25,js,62c425b2,KrazyKatz,2025-04-17,17:40:41,-07:00,2025-04-17T17:40:41-07:00,0,36
global.js,26,js,62c425b2,KrazyKatz,2025-04-17,17:40:41,-07:00,2025-04-17T17:40:41-07:00,0,23
global.js,27,js,62c425b2,KrazyKatz,2025-04-17,17:40:41,-07:00,2025-04-17T17:40:41-07:00,0,0
global.js,28,js,62c425b2,KrazyKatz,2025-04-17,17:40:41,-07:00,2025-04-17T17:40:41-07:00,0,18
global.js,29,js,62c425b2,KrazyKatz,2025-04-17,17:40:41,-07:00,2025-04-17T17:40:41-07:00,0,12
global.js,30,js,62c425b2,KrazyKatz,2025-04-17,17:40:41,-07:00,2025-04-17T17:40:41-07:00,0,16
global.js,31,js,62c425b2,KrazyKatz,2025-04-17,17:40:41,-07:00,2025-04-17T17:40:41-07:00,0,50
global.js,32,js,62c425b2,KrazyKatz,2025-04-17,17:40:41,-07:00,2025-04-17T17:40:41-07:00,0,0
global.js,33,js,62c425b2,KrazyKatz,2025-04-17,17:40:41,-07:00,2025-04-17T17:40:41-07:00,0,32
global.js,34,js,62c425b2,KrazyKatz,2025-04-17,17:40:41,-07:00,2025-04-17T17:40:41-07:00,0,9
global.js,35,js,62c425b2,KrazyKatz,2025-04-17,17:40:41,-07:00,2025-04-17T17:40:41-07:00,0,18
global.js,36,js,62c425b2,KrazyKatz,2025-04-17,17:40:41,-07:00,2025-04-17T17:40:41-07:00,0,0
global.js,37,js,7e916f45,KrazyKatz,2025-04-17,17:46:33,-07:00,2025-04-17T17:46:33-07:00,0,21
global.js,38,js,7e916f45,KrazyKatz,2025-04-17,17:46:33,-07:00,2025-04-17T17:46:33-07:00,0,88
global.js,39,js,c926f250,KrazyKatz,2025-04-17,17:32:24,-07:00,2025-04-17T17:32:24-07:00,0,0
global.js,40,js,62c425b2,KrazyKatz,2025-04-17,17:40:41,-07:00,2025-04-17T17:40:41-07:00,0,29
global.js,41,js,62c425b2,KrazyKatz,2025-04-17,17:40:41,-07:00,2025-04-17T17:40:41-07:00,0,50
global.js,42,js,c926f250,KrazyKatz,2025-04-17,17:32:24,-07:00,2025-04-17T17:32:24-07:00,0,0
global.js,43,js,62c425b2,KrazyKatz,2025-04-17,17:40:41,-07:00,2025-04-17T17:40:41-07:00,0,10
global.js,44,js,62c425b2,KrazyKatz,2025-04-17,17:40:41,-07:00,2025-04-17T17:40:41-07:00,0,0
global.js,45,js,7e916f45,KrazyKatz,2025-04-17,17:46:33,-07:00,2025-04-17T17:46:33-07:00,0,0
global.js,46,js,7e916f45,KrazyKatz,2025-04-17,17:46:33,-07:00,2025-04-17T17:46:33-07:00,0,24
global.js,47,js,7e916f45,KrazyKatz,2025-04-17,17:46:33,-07:00,2025-04-17T17:46:33-07:00,0,0
global.js,48,js,7e916f45,KrazyKatz,2025-04-17,17:46:33,-07:00,2025-04-17T17:46:33-07:00,0,41
global.js,49,js,7e916f45,KrazyKatz,2025-04-17,17:46:33,-07:00,2025-04-17T17:46:33-07:00,0,29
global.js,50,js,7e916f45,KrazyKatz,2025-04-17,17:46:33,-07:00,2025-04-17T17:46:33-07:00,0,9
global.js,51,js,7e916f45,KrazyKatz,2025-04-17,17:46:33,-07:00,2025-04-17T17:46:33-07:00,0,0
global.js,52,js,7e916f45,KrazyKatz,2025-04-17,17:46:33,-07:00,2025-04-17T17:46:33-07:00,0,24
global.js,53,js,7e916f45,KrazyKatz,2025-04-17,17:46:33,-07:00,2025-04-17T17:46:33-07:00,1,2
global.js,54,js,7e916f45,KrazyKatz,2025-04-17,17:46:33,-07:00,2025-04-17T17:46:33-07:00,1,4
global.js,55,js,7e916f45,KrazyKatz,2025-04-17,17:46:33,-07:00,2025-04-17T17:46:33-07:00,1,41
global.js,56,js,7e916f45,KrazyKatz,2025-04-17,17:46:33,-07:00,2025-04-17T17:46:33-07:00,1,32
global.js,57,js,7e916f45,KrazyKatz,2025-04-17,17:46:33,-07:00,2025-04-17T17:46:33-07:00,1,30
global.js,58,js,7e916f45,KrazyKatz,2025-04-17,17:46:33,-07:00,2025-04-17T17:46:33-07:00,1,5
global.js,59,js,7e916f45,KrazyKatz,2025-04-17,17:46:33,-07:00,2025-04-17T17:46:33-07:00,0,4
global.js,60,js,7e916f45,KrazyKatz,2025-04-17,17:46:33,-07:00,2025-04-17T17:46:33-07:00,0,0
global.js,61,js,7e916f45,KrazyKatz,2025-04-17,17:46:33,-07:00,2025-04-17T17:46:33-07:00,0,0
global.js,62,js,7e916f45,KrazyKatz,2025-04-17,17:46:33,-07:00,2025-04-17T17:46:33-07:00,0,0
global.js,63,js,7e916f45,KrazyKatz,2025-04-17,17:46:33,-07:00,2025-04-17T17:46:33-07:00,0,28
global.js,64,js,7e916f45,KrazyKatz,2025-04-17,17:46:33,-07:00,2025-04-17T17:46:33-07:00,0,58
global.js,65,js,7e916f45,KrazyKatz,2025-04-17,17:46:33,-07:00,2025-04-17T17:46:33-07:00,0,0
global.js,66,js,7e916f45,KrazyKatz,2025-04-17,17:46:33,-07:00,2025-04-17T17:46:33-07:00,0,47
global.js,67,js,7e916f45,KrazyKatz,2025-04-17,17:46:33,-07:00,2025-04-17T17:46:33-07:00,0,28
global.js,68,js,7e916f45,KrazyKatz,2025-04-17,17:46:33,-07:00,2025-04-17T17:46:33-07:00,0,62
global.js,69,js,7e916f45,KrazyKatz,2025-04-17,17:46:33,-07:00,2025-04-17T17:46:33-07:00,0,17
global.js,70,js,7e916f45,KrazyKatz,2025-04-17,17:46:33,-07:00,2025-04-17T17:46:33-07:00,0,0
global.js,71,js,7e916f45,KrazyKatz,2025-04-17,17:46:33,-07:00,2025-04-17T17:46:33-07:00,0,0
global.js,72,js,7e916f45,KrazyKatz,2025-04-17,17:46:33,-07:00,2025-04-17T17:46:33-07:00,0,33
global.js,73,js,7e916f45,KrazyKatz,2025-04-17,17:46:33,-07:00,2025-04-17T17:46:33-07:00,0,47
global.js,74,js,7e916f45,KrazyKatz,2025-04-17,17:46:33,-07:00,2025-04-17T17:46:33-07:00,0,29
global.js,75,js,7e916f45,KrazyKatz,2025-04-17,17:46:33,-07:00,2025-04-17T17:46:33-07:00,0,18
global.js,76,js,7e916f45,KrazyKatz,2025-04-17,17:46:33,-07:00,2025-04-17T17:46:33-07:00,0,29
global.js,77,js,7e916f45,KrazyKatz,2025-04-17,17:46:33,-07:00,2025-04-17T17:46:33-07:00,0,42
global.js,78,js,7e916f45,KrazyKatz,2025-04-17,17:46:33,-07:00,2025-04-17T17:46:33-07:00,0,0
global.js,79,js,7e916f45,KrazyKatz,2025-04-17,17:46:33,-07:00,2025-04-17T17:46:33-07:00,0,0
global.js,80,js,7e916f45,KrazyKatz,2025-04-17,17:46:33,-07:00,2025-04-17T17:46:33-07:00,0,48
global.js,81,js,7e916f45,KrazyKatz,2025-04-17,17:46:33,-07:00,2025-04-17T17:46:33-07:00,0,32
global.js,82,js,7e916f45,KrazyKatz,2025-04-17,17:46:33,-07:00,2025-04-17T17:46:33-07:00,0,37
global.js,83,js,7e916f45,KrazyKatz,2025-04-17,17:46:33,-07:00,2025-04-17T17:46:33-07:00,0,0
global.js,84,js,ef6564da,KrazyKatz,2025-04-17,18:04:12,-07:00,2025-04-17T18:04:12-07:00,0,0
global.js,85,js,ef6564da,KrazyKatz,2025-04-17,18:04:12,-07:00,2025-04-17T18:04:12-07:00,0,66
global.js,86,js,ef6564da,KrazyKatz,2025-04-17,18:04:12,-07:00,2025-04-17T18:04:12-07:00,0,0
global.js,87,js,ef6564da,KrazyKatz,2025-04-17,18:04:12,-07:00,2025-04-17T18:04:12-07:00,0,59
global.js,88,js,ef6564da,KrazyKatz,2025-04-17,18:04:12,-07:00,2025-04-17T18:04:12-07:00,0,0
global.js,89,js,ef6564da,KrazyKatz,2025-04-17,18:04:12,-07:00,2025-04-17T18:04:12-07:00,0,47
global.js,90,js,ef6564da,KrazyKatz,2025-04-17,18:04:12,-07:00,2025-04-17T18:04:12-07:00,0,48
global.js,91,js,ef6564da,KrazyKatz,2025-04-17,18:04:12,-07:00,2025-04-17T18:04:12-07:00,0,0
global.js,92,js,ef6564da,KrazyKatz,2025-04-17,18:04:12,-07:00,2025-04-17T18:04:12-07:00,0,28
global.js,93,js,ef6564da,KrazyKatz,2025-04-17,18:04:12,-07:00,2025-04-17T18:04:12-07:00,0,14
global.js,94,js,ef6564da,KrazyKatz,2025-04-17,18:04:12,-07:00,2025-04-17T18:04:12-07:00,0,0
global.js,95,js,ef6564da,KrazyKatz,2025-04-17,18:04:12,-07:00,2025-04-17T18:04:12-07:00,0,29
global.js,96,js,ef6564da,KrazyKatz,2025-04-17,18:04:12,-07:00,2025-04-17T18:04:12-07:00,1,44
global.js,97,js,ef6564da,KrazyKatz,2025-04-17,18:04:12,-07:00,2025-04-17T18:04:12-07:00,1,48
global.js,98,js,ef6564da,KrazyKatz,2025-04-17,18:04:12,-07:00,2025-04-17T18:04:12-07:00,0,0
global.js,99,js,ef6564da,KrazyKatz,2025-04-17,18:04:12,-07:00,2025-04-17T18:04:12-07:00,0,0
global.js,100,js,ef6564da,KrazyKatz,2025-04-17,18:04:12,-07:00,2025-04-17T18:04:12-07:00,0,45
global.js,101,js,ef6564da,KrazyKatz,2025-04-17,18:04:12,-07:00,2025-04-17T18:04:12-07:00,0,0
global.js,102,js,ef6564da,KrazyKatz,2025-04-17,18:04:12,-07:00,2025-04-17T18:04:12-07:00,0,45
global.js,103,js,ef6564da,KrazyKatz,2025-04-17,18:04:12,-07:00,2025-04-17T18:04:12-07:00,0,16
global.js,104,js,ef6564da,KrazyKatz,2025-04-17,18:04:12,-07:00,2025-04-17T18:04:12-07:00,0,0
global.js,105,js,8878cb15,KrazyKatz,2025-04-25,13:29:32,-07:00,2025-04-25T13:29:32-07:00,0,0
global.js,106,js,7417f540,KrazyKatz,2025-04-25,13:50:37,-07:00,2025-04-25T13:50:37-07:00,0,23
global.js,107,js,8878cb15,KrazyKatz,2025-04-25,13:29:32,-07:00,2025-04-25T13:29:32-07:00,0,34
global.js,108,js,8878cb15,KrazyKatz,2025-04-25,13:29:32,-07:00,2025-04-25T13:29:32-07:00,0,1
global.js,109,js,8878cb15,KrazyKatz,2025-04-25,13:29:32,-07:00,2025-04-25T13:29:32-07:00,1,30
global.js,110,js,7417f540,KrazyKatz,2025-04-25,13:50:37,-07:00,2025-04-25T13:50:37-07:00,1,35
global.js,111,js,8878cb15,KrazyKatz,2025-04-25,13:29:32,-07:00,2025-04-25T13:29:32-07:00,0,0
global.js,112,js,8878cb15,KrazyKatz,2025-04-25,13:29:32,-07:00,2025-04-25T13:29:32-07:00,1,15
global.js,113,js,8878cb15,KrazyKatz,2025-04-25,13:29:32,-07:00,2025-04-25T13:29:32-07:00,1,64
global.js,114,js,8878cb15,KrazyKatz,2025-04-25,13:29:32,-07:00,2025-04-25T13:29:32-07:00,1,0
global.js,115,js,8878cb15,KrazyKatz,2025-04-25,13:29:32,-07:00,2025-04-25T13:29:32-07:00,0,0
global.js,116,js,8878cb15,KrazyKatz,2025-04-25,13:29:32,-07:00,2025-04-25T13:29:32-07:00,1,31
global.js,117,js,8878cb15,KrazyKatz,2025-04-25,13:29:32,-07:00,2025-04-25T13:29:32-07:00,1,8
global.js,118,js,8878cb15,KrazyKatz,2025-04-25,13:29:32,-07:00,2025-04-25T13:29:32-07:00,0,0
global.js,119,js,8878cb15,KrazyKatz,2025-04-25,13:29:32,-07:00,2025-04-25T13:29:32-07:00,0,13
global.js,120,js,8878cb15,KrazyKatz,2025-04-25,13:29:32,-07:00,2025-04-25T13:29:32-07:00,1,57
global.js,121,js,7417f540,KrazyKatz,2025-04-25,13:50:37,-07:00,2025-04-25T13:50:37-07:00,1,47
global.js,122,js,8878cb15,KrazyKatz,2025-04-25,13:29:32,-07:00,2025-04-25T13:29:32-07:00,0,0
global.js,123,js,8878cb15,KrazyKatz,2025-04-25,13:29:32,-07:00,2025-04-25T13:29:32-07:00,0,0
global.js,124,js,7417f540,KrazyKatz,2025-04-25,13:50:37,-07:00,2025-04-25T13:50:37-07:00,0,0
global.js,125,js,7417f540,KrazyKatz,2025-04-25,13:50:37,-07:00,2025-04-25T13:50:37-07:00,0,25
global.js,126,js,7417f540,KrazyKatz,2025-04-25,13:50:37,-07:00,2025-04-25T13:50:37-07:00,0,77
global.js,127,js,7417f540,KrazyKatz,2025-04-25,13:50:37,-07:00,2025-04-25T13:50:37-07:00,0,54
global.js,128,js,7417f540,KrazyKatz,2025-04-25,13:50:37,-07:00,2025-04-25T13:50:37-07:00,0,0
global.js,129,js,7417f540,KrazyKatz,2025-04-25,13:50:37,-07:00,2025-04-25T13:50:37-07:00,0,54
global.js,130,js,7417f540,KrazyKatz,2025-04-25,13:50:37,-07:00,2025-04-25T13:50:37-07:00,0,0
global.js,131,js,7417f540,KrazyKatz,2025-04-25,13:50:37,-07:00,2025-04-25T13:50:37-07:00,0,24
global.js,132,js,7417f540,KrazyKatz,2025-04-25,13:50:37,-07:00,2025-04-25T13:50:37-07:00,1,57
global.js,133,js,7417f540,KrazyKatz,2025-04-25,13:50:37,-07:00,2025-04-25T13:50:37-07:00,1,3
global.js,134,js,7417f540,KrazyKatz,2025-04-25,13:50:37,-07:00,2025-04-25T13:50:37-07:00,0,0
global.js,135,js,7417f540,KrazyKatz,2025-04-25,13:50:37,-07:00,2025-04-25T13:50:37-07:00,0,0
global.js,136,js,7417f540,KrazyKatz,2025-04-25,13:50:37,-07:00,2025-04-25T13:50:37-07:00,0,25
global.js,137,js,7417f540,KrazyKatz,2025-04-25,13:50:37,-07:00,2025-04-25T13:50:37-07:00,1,46
global.js,138,js,7417f540,KrazyKatz,2025-04-25,13:50:37,-07:00,2025-04-25T13:50:37-07:00,0,0
global.js,139,js,7417f540,KrazyKatz,2025-04-25,13:50:37,-07:00,2025-04-25T13:50:37-07:00,1,50
global.js,140,js,7417f540,KrazyKatz,2025-04-25,13:50:37,-07:00,2025-04-25T13:50:37-07:00,1,34
global.js,141,js,7417f540,KrazyKatz,2025-04-25,13:50:37,-07:00,2025-04-25T13:50:37-07:00,1,69
global.js,142,js,1dda1d99,KrazyKatz,2025-05-01,14:54:04,-07:00,2025-05-01T14:54:04-07:00,1,44
global.js,143,js,7417f540,KrazyKatz,2025-04-25,13:50:37,-07:00,2025-04-25T13:50:37-07:00,0,0
global.js,144,js,7417f540,KrazyKatz,2025-04-25,13:50:37,-07:00,2025-04-25T13:50:37-07:00,1,17
global.js,145,js,7417f540,KrazyKatz,2025-04-25,13:50:37,-07:00,2025-04-25T13:50:37-07:00,1,43
global.js,146,js,7417f540,KrazyKatz,2025-04-25,13:50:37,-07:00,2025-04-25T13:50:37-07:00,1,61
global.js,147,js,1dda1d99,KrazyKatz,2025-05-01,14:54:04,-07:00,2025-05-01T14:54:04-07:00,1,22
global.js,148,js,1dda1d99,KrazyKatz,2025-05-01,14:54:04,-07:00,2025-05-01T14:54:04-07:00,2,21
global.js,149,js,1dda1d99,KrazyKatz,2025-05-01,14:54:04,-07:00,2025-05-01T14:54:04-07:00,2,35
global.js,150,js,1dda1d99,KrazyKatz,2025-05-01,14:54:04,-07:00,2025-05-01T14:54:04-07:00,1,2
global.js,151,js,7417f540,KrazyKatz,2025-04-25,13:50:37,-07:00,2025-04-25T13:50:37-07:00,1,0
global.js,152,js,7417f540,KrazyKatz,2025-04-25,13:50:37,-07:00,2025-04-25T13:50:37-07:00,0,0
global.js,153,js,7417f540,KrazyKatz,2025-04-25,13:50:37,-07:00,2025-04-25T13:50:37-07:00,1,34
global.js,154,js,7417f540,KrazyKatz,2025-04-25,13:50:37,-07:00,2025-04-25T13:50:37-07:00,0,0
global.js,155,js,7417f540,KrazyKatz,2025-04-25,13:50:37,-07:00,2025-04-25T13:50:37-07:00,0,0
global.js,156,js,950e41ba,KrazyKatz,2025-04-25,15:51:29,-07:00,2025-04-25T15:51:29-07:00,0,0
global.js,157,js,950e41ba,KrazyKatz,2025-04-25,15:51:29,-07:00,2025-04-25T15:51:29-07:00,0,45
global.js,158,js,950e41ba,KrazyKatz,2025-04-25,15:51:29,-07:00,2025-04-25T15:51:29-07:00,0,57
global.js,159,js,1dda1d99,KrazyKatz,2025-05-01,14:54:04,-07:00,2025-05-01T14:54:04-07:00,0,0
project\projects.js,1,js,8878cb15,KrazyKatz,2025-04-25,13:29:32,-07:00,2025-04-25T13:29:32-07:00,0,53
project\projects.js,2,js,8878cb15,KrazyKatz,2025-04-25,13:29:32,-07:00,2025-04-25T13:29:32-07:00,0,0
project\projects.js,3,js,8878cb15,KrazyKatz,2025-04-25,13:29:32,-07:00,2025-04-25T13:29:32-07:00,0,58
project\projects.js,4,js,7417f540,KrazyKatz,2025-04-25,13:50:37,-07:00,2025-04-25T13:50:37-07:00,0,60
project\projects.js,5,js,8878cb15,KrazyKatz,2025-04-25,13:29:32,-07:00,2025-04-25T13:29:32-07:00,0,0
project\projects.js,6,js,def925da,KrazyKatz,2025-05-01,20:56:23,-07:00,2025-05-01T20:56:23-07:00,0,53
project\projects.js,7,js,dbd39081,KrazyKatz,2025-05-01,15:46:33,-07:00,2025-05-01T15:46:33-07:00,0,46
project\projects.js,8,js,7f37eee4,KrazyKatz,2025-05-01,15:01:47,-07:00,2025-05-01T15:01:47-07:00,0,0
project\projects.js,9,js,def925da,KrazyKatz,2025-05-01,20:56:23,-07:00,2025-05-01T20:56:23-07:00,0,24
project\projects.js,10,js,def925da,KrazyKatz,2025-05-01,20:56:23,-07:00,2025-05-01T20:56:23-07:00,0,43
project\projects.js,11,js,def925da,KrazyKatz,2025-05-01,20:56:23,-07:00,2025-05-01T20:56:23-07:00,0,56
project\projects.js,12,js,4443f685,KrazyKatz,2025-05-01,19:02:00,-07:00,2025-05-01T19:02:00-07:00,0,0
project\projects.js,13,js,4443f685,KrazyKatz,2025-05-01,19:02:00,-07:00,2025-05-01T19:02:00-07:00,0,0
project\projects.js,14,js,def925da,KrazyKatz,2025-05-01,20:56:23,-07:00,2025-05-01T20:56:23-07:00,0,61
project\projects.js,15,js,02995094,KrazyKatz,2025-05-01,20:46:57,-07:00,2025-05-01T20:46:57-07:00,0,0
project\projects.js,16,js,43539f17,KrazyKatz,2025-05-01,22:03:00,-07:00,2025-05-01T22:03:00-07:00,0,19
project\projects.js,17,js,02995094,KrazyKatz,2025-05-01,20:46:57,-07:00,2025-05-01T20:46:57-07:00,0,0
project\projects.js,18,js,def925da,KrazyKatz,2025-05-01,20:56:23,-07:00,2025-05-01T20:56:23-07:00,0,11
project\projects.js,19,js,def925da,KrazyKatz,2025-05-01,20:56:23,-07:00,2025-05-01T20:56:23-07:00,0,51
project\projects.js,20,js,def925da,KrazyKatz,2025-05-01,20:56:23,-07:00,2025-05-01T20:56:23-07:00,0,47
project\projects.js,21,js,def925da,KrazyKatz,2025-05-01,20:56:23,-07:00,2025-05-01T20:56:23-07:00,0,23
project\projects.js,22,js,def925da,KrazyKatz,2025-05-01,20:56:23,-07:00,2025-05-01T20:56:23-07:00,0,49
project\projects.js,23,js,def925da,KrazyKatz,2025-05-01,20:56:23,-07:00,2025-05-01T20:56:23-07:00,1,57
project\projects.js,24,js,def925da,KrazyKatz,2025-05-01,20:56:23,-07:00,2025-05-01T20:56:23-07:00,1,40
project\projects.js,25,js,def925da,KrazyKatz,2025-05-01,20:56:23,-07:00,2025-05-01T20:56:23-07:00,0,0
project\projects.js,26,js,02995094,KrazyKatz,2025-05-01,20:46:57,-07:00,2025-05-01T20:46:57-07:00,0,54
project\projects.js,27,js,e13d3e1d,KrazyKatz,2025-05-01,21:06:10,-07:00,2025-05-01T21:06:10-07:00,0,0
project\projects.js,28,js,e13d3e1d,KrazyKatz,2025-05-01,21:06:10,-07:00,2025-05-01T21:06:10-07:00,0,0
project\projects.js,29,js,e13d3e1d,KrazyKatz,2025-05-01,21:06:10,-07:00,2025-05-01T21:06:10-07:00,0,36
project\projects.js,30,js,384e9382,KrazyKatz,2025-05-01,21:16:22,-07:00,2025-05-01T21:16:22-07:00,0,29
project\projects.js,31,js,e13d3e1d,KrazyKatz,2025-05-01,21:06:10,-07:00,2025-05-01T21:06:10-07:00,1,10
project\projects.js,32,js,e13d3e1d,KrazyKatz,2025-05-01,21:06:10,-07:00,2025-05-01T21:06:10-07:00,1,12
project\projects.js,33,js,e13d3e1d,KrazyKatz,2025-05-01,21:06:10,-07:00,2025-05-01T21:06:10-07:00,1,9
project\projects.js,34,js,e13d3e1d,KrazyKatz,2025-05-01,21:06:10,-07:00,2025-05-01T21:06:10-07:00,0,0
project\projects.js,35,js,384e9382,KrazyKatz,2025-05-01,21:16:22,-07:00,2025-05-01T21:16:22-07:00,0,0
project\projects.js,36,js,384e9382,KrazyKatz,2025-05-01,21:16:22,-07:00,2025-05-01T21:16:22-07:00,0,51
project\projects.js,37,js,e13d3e1d,KrazyKatz,2025-05-01,21:06:10,-07:00,2025-05-01T21:06:10-07:00,1,9
project\projects.js,38,js,e13d3e1d,KrazyKatz,2025-05-01,21:06:10,-07:00,2025-05-01T21:06:10-07:00,1,7
project\projects.js,39,js,e13d3e1d,KrazyKatz,2025-05-01,21:06:10,-07:00,2025-05-01T21:06:10-07:00,0,0
project\projects.js,40,js,e13d3e1d,KrazyKatz,2025-05-01,21:06:10,-07:00,2025-05-01T21:06:10-07:00,0,0
project\projects.js,41,js,9426050f,KrazyKatz,2025-05-01,22:22:05,-07:00,2025-05-01T22:22:05-07:00,0,37
project\projects.js,42,js,9426050f,KrazyKatz,2025-05-01,22:22:05,-07:00,2025-05-01T22:22:05-07:00,0,25
project\projects.js,43,js,384e9382,KrazyKatz,2025-05-01,21:16:22,-07:00,2025-05-01T21:16:22-07:00,0,57
project\projects.js,44,js,384e9382,KrazyKatz,2025-05-01,21:16:22,-07:00,2025-05-01T21:16:22-07:00,0,47
project\projects.js,45,js,e13d3e1d,KrazyKatz,2025-05-01,21:06:10,-07:00,2025-05-01T21:06:10-07:00,0,0
project\projects.js,46,js,9426050f,KrazyKatz,2025-05-01,22:22:05,-07:00,2025-05-01T22:22:05-07:00,0,40
project\projects.js,47,js,9426050f,KrazyKatz,2025-05-01,22:22:05,-07:00,2025-05-01T22:22:05-07:00,0,24
project\projects.js,48,js,9426050f,KrazyKatz,2025-05-01,22:22:05,-07:00,2025-05-01T22:22:05-07:00,0,26
project\projects.js,49,js,e13d3e1d,KrazyKatz,2025-05-01,21:06:10,-07:00,2025-05-01T21:06:10-07:00,0,0
project\projects.js,50,js,384e9382,KrazyKatz,2025-05-01,21:16:22,-07:00,2025-05-01T21:16:22-07:00,0,32
project\projects.js,51,js,384e9382,KrazyKatz,2025-05-01,21:16:22,-07:00,2025-05-01T21:16:22-07:00,0,27
project\projects.js,52,js,e13d3e1d,KrazyKatz,2025-05-01,21:06:10,-07:00,2025-05-01T21:06:10-07:00,0,0
project\projects.js,53,js,9426050f,KrazyKatz,2025-05-01,22:22:05,-07:00,2025-05-01T22:22:05-07:00,0,24
project\projects.js,54,js,9426050f,KrazyKatz,2025-05-01,22:22:05,-07:00,2025-05-01T22:22:05-07:00,0,13
project\projects.js,55,js,9426050f,KrazyKatz,2025-05-01,22:22:05,-07:00,2025-05-01T22:22:05-07:00,0,25
project\projects.js,56,js,9426050f,KrazyKatz,2025-05-01,22:22:05,-07:00,2025-05-01T22:22:05-07:00,1,14
project\projects.js,57,js,9426050f,KrazyKatz,2025-05-01,22:22:05,-07:00,2025-05-01T22:22:05-07:00,1,11
project\projects.js,58,js,9426050f,KrazyKatz,2025-05-01,22:22:05,-07:00,2025-05-01T22:22:05-07:00,1,25
project\projects.js,59,js,9426050f,KrazyKatz,2025-05-01,22:22:05,-07:00,2025-05-01T22:22:05-07:00,1,24
project\projects.js,60,js,9426050f,KrazyKatz,2025-05-01,22:22:05,-07:00,2025-05-01T22:22:05-07:00,1,49
project\projects.js,61,js,9426050f,KrazyKatz,2025-05-01,22:22:05,-07:00,2025-05-01T22:22:05-07:00,1,23
project\projects.js,62,js,9426050f,KrazyKatz,2025-05-01,22:22:05,-07:00,2025-05-01T22:22:05-07:00,1,16
project\projects.js,63,js,9426050f,KrazyKatz,2025-05-01,22:22:05,-07:00,2025-05-01T22:22:05-07:00,2,41
project\projects.js,64,js,9426050f,KrazyKatz,2025-05-01,22:22:05,-07:00,2025-05-01T22:22:05-07:00,0,0
project\projects.js,65,js,ef0d15a3,KrazyKatz,2025-05-01,23:13:46,-07:00,2025-05-01T23:13:46-07:00,2,13
project\projects.js,66,js,9426050f,KrazyKatz,2025-05-01,22:22:05,-07:00,2025-05-01T22:22:05-07:00,2,23
project\projects.js,67,js,9426050f,KrazyKatz,2025-05-01,22:22:05,-07:00,2025-05-01T22:22:05-07:00,2,53
project\projects.js,68,js,9426050f,KrazyKatz,2025-05-01,22:22:05,-07:00,2025-05-01T22:22:05-07:00,2,0
project\projects.js,69,js,9426050f,KrazyKatz,2025-05-01,22:22:05,-07:00,2025-05-01T22:22:05-07:00,0,0
project\projects.js,70,js,9426050f,KrazyKatz,2025-05-01,22:22:05,-07:00,2025-05-01T22:22:05-07:00,2,18
project\projects.js,71,js,9426050f,KrazyKatz,2025-05-01,22:22:05,-07:00,2025-05-01T22:22:05-07:00,2,87
project\projects.js,72,js,a81990df,KrazyKatz,2025-05-01,22:34:02,-07:00,2025-05-01T22:34:02-07:00,0,0
project\projects.js,73,js,ef0d15a3,KrazyKatz,2025-05-01,23:13:46,-07:00,2025-05-01T23:13:46-07:00,2,21
project\projects.js,74,js,ef0d15a3,KrazyKatz,2025-05-01,23:13:46,-07:00,2025-05-01T23:13:46-07:00,2,20
project\projects.js,75,js,ef0d15a3,KrazyKatz,2025-05-01,23:13:46,-07:00,2025-05-01T23:13:46-07:00,0,0
project\projects.js,76,js,ef0d15a3,KrazyKatz,2025-05-01,23:13:46,-07:00,2025-05-01T23:13:46-07:00,2,23
project\projects.js,77,js,a81990df,KrazyKatz,2025-05-01,22:34:02,-07:00,2025-05-01T22:34:02-07:00,2,46
project\projects.js,78,js,ef0d15a3,KrazyKatz,2025-05-01,23:13:46,-07:00,2025-05-01T23:13:46-07:00,2,53
project\projects.js,79,js,ef0d15a3,KrazyKatz,2025-05-01,23:13:46,-07:00,2025-05-01T23:13:46-07:00,2,0
project\projects.js,80,js,ef0d15a3,KrazyKatz,2025-05-01,23:13:46,-07:00,2025-05-01T23:13:46-07:00,0,0
project\projects.js,81,js,ef0d15a3,KrazyKatz,2025-05-01,23:13:46,-07:00,2025-05-01T23:13:46-07:00,2,22
project\projects.js,82,js,ef0d15a3,KrazyKatz,2025-05-01,23:13:46,-07:00,2025-05-01T23:13:46-07:00,2,29
project\projects.js,83,js,ef0d15a3,KrazyKatz,2025-05-01,23:13:46,-07:00,2025-05-01T23:13:46-07:00,3,53
project\projects.js,84,js,ef0d15a3,KrazyKatz,2025-05-01,23:13:46,-07:00,2025-05-01T23:13:46-07:00,3,40
project\projects.js,85,js,ef0d15a3,KrazyKatz,2025-05-01,23:13:46,-07:00,2025-05-01T23:13:46-07:00,2,0
project\projects.js,86,js,a81990df,KrazyKatz,2025-05-01,22:34:02,-07:00,2025-05-01T22:34:02-07:00,2,0
project\projects.js,87,js,a81990df,KrazyKatz,2025-05-01,22:34:02,-07:00,2025-05-01T22:34:02-07:00,0,0
project\projects.js,88,js,ef0d15a3,KrazyKatz,2025-05-01,23:13:46,-07:00,2025-05-01T23:13:46-07:00,2,46
project\projects.js,89,js,9426050f,KrazyKatz,2025-05-01,22:22:05,-07:00,2025-05-01T22:22:05-07:00,1,0
project\projects.js,90,js,9426050f,KrazyKatz,2025-05-01,22:22:05,-07:00,2025-05-01T22:22:05-07:00,0,0
project\projects.js,91,js,9426050f,KrazyKatz,2025-05-01,22:22:05,-07:00,2025-05-01T22:22:05-07:00,1,13
project\projects.js,92,js,9426050f,KrazyKatz,2025-05-01,22:22:05,-07:00,2025-05-01T22:22:05-07:00,0,0
project\projects.js,93,js,9426050f,KrazyKatz,2025-05-01,22:22:05,-07:00,2025-05-01T22:22:05-07:00,0,0
project\projects.js,94,js,9426050f,KrazyKatz,2025-05-01,22:22:05,-07:00,2025-05-01T22:22:05-07:00,0,24
project\projects.js,95,js,9426050f,KrazyKatz,2025-05-01,22:22:05,-07:00,2025-05-01T22:22:05-07:00,0,23
project\projects.js,96,js,9426050f,KrazyKatz,2025-05-01,22:22:05,-07:00,2025-05-01T22:22:05-07:00,1,15
project\projects.js,97,js,9426050f,KrazyKatz,2025-05-01,22:22:05,-07:00,2025-05-01T22:22:05-07:00,1,9
project\projects.js,98,js,9426050f,KrazyKatz,2025-05-01,22:22:05,-07:00,2025-05-01T22:22:05-07:00,1,72
project\projects.js,99,js,9426050f,KrazyKatz,2025-05-01,22:22:05,-07:00,2025-05-01T22:22:05-07:00,1,24
project\projects.js,100,js,9426050f,KrazyKatz,2025-05-01,22:22:05,-07:00,2025-05-01T22:22:05-07:00,1,66
project\projects.js,101,js,9426050f,KrazyKatz,2025-05-01,22:22:05,-07:00,2025-05-01T22:22:05-07:00,1,16
project\projects.js,102,js,9426050f,KrazyKatz,2025-05-01,22:22:05,-07:00,2025-05-01T22:22:05-07:00,2,41
project\projects.js,103,js,9426050f,KrazyKatz,2025-05-01,22:22:05,-07:00,2025-05-01T22:22:05-07:00,0,0
project\projects.js,104,js,9426050f,KrazyKatz,2025-05-01,22:22:05,-07:00,2025-05-01T22:22:05-07:00,2,12
project\projects.js,105,js,9426050f,KrazyKatz,2025-05-01,22:22:05,-07:00,2025-05-01T22:22:05-07:00,2,23
project\projects.js,106,js,9426050f,KrazyKatz,2025-05-01,22:22:05,-07:00,2025-05-01T22:22:05-07:00,2,53
project\projects.js,107,js,9426050f,KrazyKatz,2025-05-01,22:22:05,-07:00,2025-05-01T22:22:05-07:00,2,0
project\projects.js,108,js,9426050f,KrazyKatz,2025-05-01,22:22:05,-07:00,2025-05-01T22:22:05-07:00,0,0
project\projects.js,109,js,9426050f,KrazyKatz,2025-05-01,22:22:05,-07:00,2025-05-01T22:22:05-07:00,2,12
project\projects.js,110,js,9426050f,KrazyKatz,2025-05-01,22:22:05,-07:00,2025-05-01T22:22:05-07:00,2,18
project\projects.js,111,js,9426050f,KrazyKatz,2025-05-01,22:22:05,-07:00,2025-05-01T22:22:05-07:00,2,87
project\projects.js,112,js,9426050f,KrazyKatz,2025-05-01,22:22:05,-07:00,2025-05-01T22:22:05-07:00,1,0
project\projects.js,113,js,9426050f,KrazyKatz,2025-05-01,22:22:05,-07:00,2025-05-01T22:22:05-07:00,0,0
project\projects.js,114,js,e13d3e1d,KrazyKatz,2025-05-01,21:06:10,-07:00,2025-05-01T21:06:10-07:00,0,0
project\projects.js,115,js,e13d3e1d,KrazyKatz,2025-05-01,21:06:10,-07:00,2025-05-01T21:06:10-07:00,0,0
project\projects.js,116,js,9426050f,KrazyKatz,2025-05-01,22:22:05,-07:00,2025-05-01T22:22:05-07:00,0,0
project\projects.js,117,js,e13d3e1d,KrazyKatz,2025-05-01,21:06:10,-07:00,2025-05-01T21:06:10-07:00,0,21
project\projects.js,118,js,e13d3e1d,KrazyKatz,2025-05-01,21:06:10,-07:00,2025-05-01T21:06:10-07:00,0,0
project\projects.js,119,js,e13d3e1d,KrazyKatz,2025-05-01,21:06:10,-07:00,2025-05-01T21:06:10-07:00,0,46
project\projects.js,120,js,1d0d5436,KrazyKatz,2025-05-01,23:31:52,-07:00,2025-05-01T23:31:52-07:00,0,23
project\projects.js,121,js,1d0d5436,KrazyKatz,2025-05-01,23:31:52,-07:00,2025-05-01T23:31:52-07:00,0,0
project\projects.js,122,js,1d0d5436,KrazyKatz,2025-05-01,23:31:52,-07:00,2025-05-01T23:31:52-07:00,0,14
project\projects.js,123,js,1d0d5436,KrazyKatz,2025-05-01,23:31:52,-07:00,2025-05-01T23:31:52-07:00,0,15
project\projects.js,124,js,1d0d5436,KrazyKatz,2025-05-01,23:31:52,-07:00,2025-05-01T23:31:52-07:00,0,0
project\projects.js,125,js,1d0d5436,KrazyKatz,2025-05-01,23:31:52,-07:00,2025-05-01T23:31:52-07:00,0,21
project\projects.js,126,js,1d0d5436,KrazyKatz,2025-05-01,23:31:52,-07:00,2025-05-01T23:31:52-07:00,0,47
project\projects.js,127,js,e13d3e1d,KrazyKatz,2025-05-01,21:06:10,-07:00,2025-05-01T21:06:10-07:00,1,57
project\projects.js,128,js,e13d3e1d,KrazyKatz,2025-05-01,21:06:10,-07:00,2025-05-01T21:06:10-07:00,1,40
project\projects.js,129,js,e13d3e1d,KrazyKatz,2025-05-01,21:06:10,-07:00,2025-05-01T21:06:10-07:00,0,0
project\projects.js,130,js,1d0d5436,KrazyKatz,2025-05-01,23:31:52,-07:00,2025-05-01T23:31:52-07:00,0,0
project\projects.js,131,js,1d0d5436,KrazyKatz,2025-05-01,23:31:52,-07:00,2025-05-01T23:31:52-07:00,0,8
project\projects.js,132,js,e13d3e1d,KrazyKatz,2025-05-01,21:06:10,-07:00,2025-05-01T21:06:10-07:00,0,54
project\projects.js,133,js,1d0d5436,KrazyKatz,2025-05-01,23:31:52,-07:00,2025-05-01T23:31:52-07:00,0,63
project\projects.js,134,js,1d0d5436,KrazyKatz,2025-05-01,23:31:52,-07:00,2025-05-01T23:31:52-07:00,0,0
project\proj2.html,1,html,ef05cbfc,KrazyKatz,2025-04-30,23:28:56,-07:00,2025-04-30T23:28:56-07:00,0,11
project\proj2.html,2,html,ef05cbfc,KrazyKatz,2025-04-30,23:28:56,-07:00,2025-04-30T23:28:56-07:00,0,12
project\proj2.html,3,html,ef05cbfc,KrazyKatz,2025-04-30,23:28:56,-07:00,2025-04-30T23:28:56-07:00,0,2
project\proj2.html,4,html,ef05cbfc,KrazyKatz,2025-04-30,23:28:56,-07:00,2025-04-30T23:28:56-07:00,0,18
project\proj2.html,5,html,3c777f59,KrazyKatz,2025-04-30,23:29:35,-07:00,2025-04-30T23:29:35-07:00,0,66
project\proj2.html,6,html,3c777f59,KrazyKatz,2025-04-30,23:29:35,-07:00,2025-04-30T23:29:35-07:00,0,39
project\proj2.html,7,html,1f7dfe1d,KrazyKatz,2025-05-01,00:03:19,-07:00,2025-05-01T00:03:19-07:00,0,25
project\proj2.html,8,html,ef05cbfc,KrazyKatz,2025-04-30,23:28:56,-07:00,2025-04-30T23:28:56-07:00,0,3
project\proj2.html,9,html,ef05cbfc,KrazyKatz,2025-04-30,23:28:56,-07:00,2025-04-30T23:28:56-07:00,0,2
project\proj2.html,10,html,ef05cbfc,KrazyKatz,2025-04-30,23:28:56,-07:00,2025-04-30T23:28:56-07:00,0,0
project\proj2.html,11,html,ef05cbfc,KrazyKatz,2025-04-30,23:28:56,-07:00,2025-04-30T23:28:56-07:00,0,4
project\proj2.html,12,html,e3853549,KrazyKatz,2025-05-01,01:09:44,-07:00,2025-05-01T01:09:44-07:00,1,49
project\proj2.html,13,html,e3853549,KrazyKatz,2025-05-01,01:09:44,-07:00,2025-05-01T01:09:44-07:00,1,85
project\proj2.html,14,html,ef05cbfc,KrazyKatz,2025-04-30,23:28:56,-07:00,2025-04-30T23:28:56-07:00,0,5
project\proj2.html,15,html,ef05cbfc,KrazyKatz,2025-04-30,23:28:56,-07:00,2025-04-30T23:28:56-07:00,0,0
project\proj2.html,16,html,ef05cbfc,KrazyKatz,2025-04-30,23:28:56,-07:00,2025-04-30T23:28:56-07:00,0,2
project\proj2.html,17,html,ef05cbfc,KrazyKatz,2025-04-30,23:28:56,-07:00,2025-04-30T23:28:56-07:00,0,0
project\proj2.html,18,html,e3853549,KrazyKatz,2025-05-01,01:09:44,-07:00,2025-05-01T01:09:44-07:00,1,103
project\proj2.html,19,html,e3853549,KrazyKatz,2025-05-01,01:09:44,-07:00,2025-05-01T01:09:44-07:00,0,0
project\proj2.html,20,html,e3853549,KrazyKatz,2025-05-01,01:09:44,-07:00,2025-05-01T01:09:44-07:00,1,0
project\proj2.html,21,html,1f7dfe1d,KrazyKatz,2025-05-01,00:03:19,-07:00,2025-05-01T00:03:19-07:00,0,0
project\proj2.html,22,html,ef05cbfc,KrazyKatz,2025-04-30,23:28:56,-07:00,2025-04-30T23:28:56-07:00,1,33
project\proj2.html,23,html,ef05cbfc,KrazyKatz,2025-04-30,23:28:56,-07:00,2025-04-30T23:28:56-07:00,1,40
project\proj2.html,24,html,ef05cbfc,KrazyKatz,2025-04-30,23:28:56,-07:00,2025-04-30T23:28:56-07:00,2,56
project\proj2.html,25,html,ef05cbfc,KrazyKatz,2025-04-30,23:28:56,-07:00,2025-04-30T23:28:56-07:00,1,2
project\proj2.html,26,html,1f7dfe1d,KrazyKatz,2025-05-01,00:03:19,-07:00,2025-05-01T00:03:19-07:00,1,34
project\proj2.html,27,html,ef05cbfc,KrazyKatz,2025-04-30,23:28:56,-07:00,2025-04-30T23:28:56-07:00,1,27
project\proj2.html,28,html,1f7dfe1d,KrazyKatz,2025-05-01,00:03:19,-07:00,2025-05-01T00:03:19-07:00,2,449
project\proj2.html,29,html,1f7dfe1d,KrazyKatz,2025-05-01,00:03:19,-07:00,2025-05-01T00:03:19-07:00,2,374
project\proj2.html,30,html,1a28fc77,KrazyKatz,2025-05-01,00:45:31,-07:00,2025-05-01T00:45:31-07:00,2,363
project\proj2.html,31,html,ef05cbfc,KrazyKatz,2025-04-30,23:28:56,-07:00,2025-04-30T23:28:56-07:00,1,1
project\proj2.html,32,html,ef05cbfc,KrazyKatz,2025-04-30,23:28:56,-07:00,2025-04-30T23:28:56-07:00,1,6
project\proj2.html,33,html,ef05cbfc,KrazyKatz,2025-04-30,23:28:56,-07:00,2025-04-30T23:28:56-07:00,0,0
project\proj2.html,34,html,e3853549,KrazyKatz,2025-05-01,01:09:44,-07:00,2025-05-01T01:09:44-07:00,1,0
project\proj2.html,35,html,e3853549,KrazyKatz,2025-05-01,01:09:44,-07:00,2025-05-01T01:09:44-07:00,0,0
project\proj2.html,36,html,ef05cbfc,KrazyKatz,2025-04-30,23:28:56,-07:00,2025-04-30T23:28:56-07:00,1,33
project\proj2.html,37,html,ef05cbfc,KrazyKatz,2025-04-30,23:28:56,-07:00,2025-04-30T23:28:56-07:00,1,40
project\proj2.html,38,html,ef05cbfc,KrazyKatz,2025-04-30,23:28:56,-07:00,2025-04-30T23:28:56-07:00,2,60
project\proj2.html,39,html,ef05cbfc,KrazyKatz,2025-04-30,23:28:56,-07:00,2025-04-30T23:28:56-07:00,1,2
project\proj2.html,40,html,1f7dfe1d,KrazyKatz,2025-05-01,00:03:19,-07:00,2025-05-01T00:03:19-07:00,1,34
project\proj2.html,41,html,ef05cbfc,KrazyKatz,2025-04-30,23:28:56,-07:00,2025-04-30T23:28:56-07:00,1,27
project\proj2.html,42,html,1a28fc77,KrazyKatz,2025-05-01,00:45:31,-07:00,2025-05-01T00:45:31-07:00,2,435
project\proj2.html,43,html,1a28fc77,KrazyKatz,2025-05-01,00:45:31,-07:00,2025-05-01T00:45:31-07:00,2,512
project\proj2.html,44,html,1a28fc77,KrazyKatz,2025-05-01,00:45:31,-07:00,2025-05-01T00:45:31-07:00,2,165
project\proj2.html,45,html,ef05cbfc,KrazyKatz,2025-04-30,23:28:56,-07:00,2025-04-30T23:28:56-07:00,1,1
project\proj2.html,46,html,ef05cbfc,KrazyKatz,2025-04-30,23:28:56,-07:00,2025-04-30T23:28:56-07:00,1,6
project\proj2.html,47,html,ef05cbfc,KrazyKatz,2025-04-30,23:28:56,-07:00,2025-04-30T23:28:56-07:00,0,0
project\proj2.html,48,html,e3853549,KrazyKatz,2025-05-01,01:09:44,-07:00,2025-05-01T01:09:44-07:00,1,0
project\proj2.html,49,html,e3853549,KrazyKatz,2025-05-01,01:09:44,-07:00,2025-05-01T01:09:44-07:00,0,0
project\proj2.html,50,html,1a28fc77,KrazyKatz,2025-05-01,00:45:31,-07:00,2025-05-01T00:45:31-07:00,1,30
project\proj2.html,51,html,e3853549,KrazyKatz,2025-05-01,01:09:44,-07:00,2025-05-01T01:09:44-07:00,1,38
project\proj2.html,52,html,e3853549,KrazyKatz,2025-05-01,01:09:44,-07:00,2025-05-01T01:09:44-07:00,1,0
project\proj2.html,53,html,7b15546b,KrazyKatz,2025-05-01,02:15:51,-07:00,2025-05-01T02:15:51-07:00,2,529
project\proj2.html,54,html,e3853549,KrazyKatz,2025-05-01,01:09:44,-07:00,2025-05-01T01:09:44-07:00,1,0
project\proj2.html,55,html,e3853549,KrazyKatz,2025-05-01,01:09:44,-07:00,2025-05-01T01:09:44-07:00,1,0
project\proj2.html,56,html,4510380f,KrazyKatz,2025-05-01,02:18:11,-07:00,2025-05-01T02:18:11-07:00,2,296
project\proj2.html,57,html,e3853549,KrazyKatz,2025-05-01,01:09:44,-07:00,2025-05-01T01:09:44-07:00,1,0
project\proj2.html,58,html,e3853549,KrazyKatz,2025-05-01,01:09:44,-07:00,2025-05-01T01:09:44-07:00,1,0
project\proj2.html,59,html,7b15546b,KrazyKatz,2025-05-01,02:15:51,-07:00,2025-05-01T02:15:51-07:00,2,1023
project\proj2.html,60,html,e3853549,KrazyKatz,2025-05-01,01:09:44,-07:00,2025-05-01T01:09:44-07:00,1,0
project\proj2.html,61,html,e3853549,KrazyKatz,2025-05-01,01:09:44,-07:00,2025-05-01T01:09:44-07:00,1,6
project\proj2.html,62,html,ef05cbfc,KrazyKatz,2025-04-30,23:28:56,-07:00,2025-04-30T23:28:56-07:00,0,0
project\proj2.html,63,html,ef05cbfc,KrazyKatz,2025-04-30,23:28:56,-07:00,2025-04-30T23:28:56-07:00,0,3
project\proj2.html,64,html,ef05cbfc,KrazyKatz,2025-04-30,23:28:56,-07:00,2025-04-30T23:28:56-07:00,0,0
project\proj2.html,65,html,7949a7f8,KrazyKatz,2025-04-30,23:32:38,-07:00,2025-04-30T23:32:38-07:00,0,46
project\proj2.html,66,html,7949a7f8,KrazyKatz,2025-04-30,23:32:38,-07:00,2025-04-30T23:32:38-07:00,0,0
project\proj2.html,67,html,ef05cbfc,KrazyKatz,2025-04-30,23:28:56,-07:00,2025-04-30T23:28:56-07:00,0,3
project\proj2.html,68,html,ef05cbfc,KrazyKatz,2025-04-30,23:28:56,-07:00,2025-04-30T23:28:56-07:00,0,3
project\index.html,1,html,c71a2b8c,KrazyKatz,2025-04-03,12:00:07,-07:00,2025-04-03T12:00:07-07:00,0,11
project\index.html,2,html,c71a2b8c,KrazyKatz,2025-04-03,12:00:07,-07:00,2025-04-03T12:00:07-07:00,0,12
project\index.html,3,html,c71a2b8c,KrazyKatz,2025-04-03,12:00:07,-07:00,2025-04-03T12:00:07-07:00,0,2
project\index.html,4,html,c71a2b8c,KrazyKatz,2025-04-03,12:00:07,-07:00,2025-04-03T12:00:07-07:00,1,18
project\index.html,5,html,c71a2b8c,KrazyKatz,2025-04-03,12:00:07,-07:00,2025-04-03T12:00:07-07:00,1,66
project\index.html,6,html,3de456c9,KrazyKatz,2025-04-10,19:16:48,-07:00,2025-04-10T19:16:48-07:00,1,39
project\index.html,7,html,c71a2b8c,KrazyKatz,2025-04-03,12:00:07,-07:00,2025-04-03T12:00:07-07:00,1,19
project\index.html,8,html,c71a2b8c,KrazyKatz,2025-04-03,12:00:07,-07:00,2025-04-03T12:00:07-07:00,0,3
project\index.html,9,html,c71a2b8c,KrazyKatz,2025-04-03,12:00:07,-07:00,2025-04-03T12:00:07-07:00,0,2
project\index.html,10,html,f92124a0,KrazyKatz,2025-04-25,15:20:58,-07:00,2025-04-25T15:20:58-07:00,1,36
project\index.html,11,html,7f37eee4,KrazyKatz,2025-05-01,15:01:47,-07:00,2025-05-01T15:01:47-07:00,0,0
project\index.html,12,html,c4f9094d,KrazyKatz,2025-05-01,19:21:38,-07:00,2025-05-01T19:21:38-07:00,1,36
project\index.html,13,html,0d02a865,KrazyKatz,2025-05-01,15:16:04,-07:00,2025-05-01T15:16:04-07:00,1,19
project\index.html,14,html,5294325e,KrazyKatz,2025-05-01,20:05:11,-07:00,2025-05-01T20:05:11-07:00,2,56
project\index.html,15,html,5294325e,KrazyKatz,2025-05-01,20:05:11,-07:00,2025-05-01T20:05:11-07:00,2,32
project\index.html,16,html,aa7e5a8a,KrazyKatz,2025-05-01,20:42:38,-07:00,2025-05-01T20:42:38-07:00,1,2
project\index.html,17,html,4443f685,KrazyKatz,2025-05-01,19:02:00,-07:00,2025-05-01T19:02:00-07:00,0,0
project\index.html,18,html,c4f9094d,KrazyKatz,2025-05-01,19:21:38,-07:00,2025-05-01T19:21:38-07:00,1,39
project\index.html,19,html,def925da,KrazyKatz,2025-05-01,20:56:23,-07:00,2025-05-01T20:56:23-07:00,1,2
project\index.html,20,html,c4f9094d,KrazyKatz,2025-05-01,19:21:38,-07:00,2025-05-01T19:21:38-07:00,1,13
project\index.html,21,html,c4f9094d,KrazyKatz,2025-05-01,19:21:38,-07:00,2025-05-01T19:21:38-07:00,1,9
project\index.html,22,html,c4f9094d,KrazyKatz,2025-05-01,19:21:38,-07:00,2025-05-01T19:21:38-07:00,1,24
project\index.html,23,html,c4f9094d,KrazyKatz,2025-05-01,19:21:38,-07:00,2025-05-01T19:21:38-07:00,1,29
project\index.html,24,html,def925da,KrazyKatz,2025-05-01,20:56:23,-07:00,2025-05-01T20:56:23-07:00,1,0
project\index.html,25,html,138c218a,KrazyKatz,2025-05-01,15:18:12,-07:00,2025-05-01T15:18:12-07:00,0,0
project\index.html,26,html,138c218a,KrazyKatz,2025-05-01,15:18:12,-07:00,2025-05-01T15:18:12-07:00,1,24
project\index.html,27,html,4443f685,KrazyKatz,2025-05-01,19:02:00,-07:00,2025-05-01T19:02:00-07:00,0,0
project\index.html,28,html,bff6a0b7,KrazyKatz,2025-04-25,13:35:52,-07:00,2025-04-25T13:35:52-07:00,1,46
project\index.html,29,html,bff6a0b7,KrazyKatz,2025-04-25,13:35:52,-07:00,2025-04-25T13:35:52-07:00,1,45
project\index.html,30,html,c71a2b8c,KrazyKatz,2025-04-03,12:00:07,-07:00,2025-04-03T12:00:07-07:00,0,3
project\index.html,31,html,c71a2b8c,KrazyKatz,2025-04-03,12:00:07,-07:00,2025-04-03T12:00:07-07:00,0,3
Lab1\first_lab.html,1,html,10342336,KrazyKatz,2025-04-03,11:31:40,-07:00,2025-04-03T11:31:40-07:00,0,34
Lab1\first_lab.html,2,html,10342336,KrazyKatz,2025-04-03,11:31:40,-07:00,2025-04-03T11:31:40-07:00,1,134
Lab1\first_lab.html,3,html,10342336,KrazyKatz,2025-04-03,11:31:40,-07:00,2025-04-03T11:31:40-07:00,1,86
Lab1\first_lab.html,4,html,10342336,KrazyKatz,2025-04-03,11:31:40,-07:00,2025-04-03T11:31:40-07:00,1,134
Lab1\first_lab.html,5,html,10342336,KrazyKatz,2025-04-03,11:31:40,-07:00,2025-04-03T11:31:40-07:00,1,62
contact\index.html,1,html,c71a2b8c,KrazyKatz,2025-04-03,12:00:07,-07:00,2025-04-03T12:00:07-07:00,0,11
contact\index.html,2,html,c71a2b8c,KrazyKatz,2025-04-03,12:00:07,-07:00,2025-04-03T12:00:07-07:00,0,12
contact\index.html,3,html,c71a2b8c,KrazyKatz,2025-04-03,12:00:07,-07:00,2025-04-03T12:00:07-07:00,0,2
contact\index.html,4,html,c71a2b8c,KrazyKatz,2025-04-03,12:00:07,-07:00,2025-04-03T12:00:07-07:00,1,18
contact\index.html,5,html,c71a2b8c,KrazyKatz,2025-04-03,12:00:07,-07:00,2025-04-03T12:00:07-07:00,1,66
contact\index.html,6,html,3de456c9,KrazyKatz,2025-04-10,19:16:48,-07:00,2025-04-10T19:16:48-07:00,1,39
contact\index.html,7,html,c71a2b8c,KrazyKatz,2025-04-03,12:00:07,-07:00,2025-04-03T12:00:07-07:00,1,19
contact\index.html,8,html,c71a2b8c,KrazyKatz,2025-04-03,12:00:07,-07:00,2025-04-03T12:00:07-07:00,0,3
contact\index.html,9,html,c71a2b8c,KrazyKatz,2025-04-03,12:00:07,-07:00,2025-04-03T12:00:07-07:00,0,2
contact\index.html,10,html,62c425b2,KrazyKatz,2025-04-17,17:40:41,-07:00,2025-04-17T17:40:41-07:00,1,6
contact\index.html,11,html,c71a2b8c,KrazyKatz,2025-04-03,12:00:07,-07:00,2025-04-03T12:00:07-07:00,2,0
contact\index.html,12,html,c71a2b8c,KrazyKatz,2025-04-03,12:00:07,-07:00,2025-04-03T12:00:07-07:00,3,37
contact\index.html,13,html,c71a2b8c,KrazyKatz,2025-04-03,12:00:07,-07:00,2025-04-03T12:00:07-07:00,3,49
contact\index.html,14,html,90ae1b3d,KrazyKatz,2025-04-03,12:02:42,-07:00,2025-04-03T12:02:42-07:00,3,48
contact\index.html,15,html,79f02d24,KrazyKatz,2025-04-03,12:37:01,-07:00,2025-04-03T12:37:01-07:00,3,40
contact\index.html,16,html,762dd2d3,KrazyKatz,2025-04-10,21:53:16,-07:00,2025-04-10T21:53:16-07:00,3,54
contact\index.html,17,html,c71a2b8c,KrazyKatz,2025-04-03,12:00:07,-07:00,2025-04-03T12:00:07-07:00,2,1
contact\index.html,18,html,62c425b2,KrazyKatz,2025-04-17,17:40:41,-07:00,2025-04-17T17:40:41-07:00,1,6
contact\index.html,19,html,c71a2b8c,KrazyKatz,2025-04-03,12:00:07,-07:00,2025-04-03T12:00:07-07:00,1,15
contact\index.html,20,html,0612287d,KrazyKatz,2025-04-17,20:00:43,-07:00,2025-04-17T20:00:43-07:00,1,45
contact\index.html,21,html,ac9e45cc,KrazyKatz,2025-04-17,19:54:54,-07:00,2025-04-17T19:54:54-07:00,1,31
contact\index.html,22,html,ac9e45cc,KrazyKatz,2025-04-17,19:54:54,-07:00,2025-04-17T19:54:54-07:00,1,39
contact\index.html,23,html,6bdb8e63,KrazyKatz,2025-04-17,19:35:42,-07:00,2025-04-17T19:35:42-07:00,0,0
contact\index.html,24,html,ac9e45cc,KrazyKatz,2025-04-17,19:54:54,-07:00,2025-04-17T19:54:54-07:00,1,32
contact\index.html,25,html,ac9e45cc,KrazyKatz,2025-04-17,19:54:54,-07:00,2025-04-17T19:54:54-07:00,1,48
contact\index.html,26,html,6bdb8e63,KrazyKatz,2025-04-17,19:35:42,-07:00,2025-04-17T19:35:42-07:00,0,0
contact\index.html,27,html,83eb3ccc,KrazyKatz,2025-04-17,20:00:12,-07:00,2025-04-17T20:00:12-07:00,1,29
contact\index.html,28,html,83eb3ccc,KrazyKatz,2025-04-17,20:00:12,-07:00,2025-04-17T20:00:12-07:00,1,39
contact\index.html,29,html,ac9e45cc,KrazyKatz,2025-04-17,19:54:54,-07:00,2025-04-17T19:54:54-07:00,0,0
contact\index.html,30,html,ac9e45cc,KrazyKatz,2025-04-17,19:54:54,-07:00,2025-04-17T19:54:54-07:00,1,39
contact\index.html,31,html,6bdb8e63,KrazyKatz,2025-04-17,19:35:42,-07:00,2025-04-17T19:35:42-07:00,1,3
contact\index.html,32,html,73a7fdb2,KrazyKatz,2025-04-17,17:35:25,-07:00,2025-04-17T17:35:25-07:00,1,46
contact\index.html,33,html,73a7fdb2,KrazyKatz,2025-04-17,17:35:25,-07:00,2025-04-17T17:35:25-07:00,1,3
contact\index.html,34,html,c71a2b8c,KrazyKatz,2025-04-03,12:00:07,-07:00,2025-04-03T12:00:07-07:00,0,3
